realtime_start,realtime_end,date,value
2023-04-08,2023-04-08,1951-01-01,2313.197608468671
2023-04-08,2023-04-08,1951-02-01,2295.6890062289604
2023-04-08,2023-04-08,1951-03-01,2554.677438613638
2023-04-08,2023-04-08,1951-04-01,2502.487738541236
2023-04-08,2023-04-08,1951-05-01,2534.983958694696
2023-04-08,2023-04-08,1951-06-01,2392.1527074596825
2023-04-08,2023-04-08,1951-07-01,2388.251430501963
2023-04-08,2023-04-08,1951-08-01,2404.2658559580577
2023-04-08,2023-04-08,1951-09-01,2478.510656456226
2023-04-08,2023-04-08,1951-10-01,2472.5206378686835
2023-04-08,2023-04-08,1951-11-01,2430.5734996038004
2023-04-08,2023-04-08,1951-12-01,2401.748938828151
2023-04-08,2023-04-08,1952-01-01,2550.836801451024
2023-04-08,2023-04-08,1952-02-01,2584.925183361308
2023-04-08,2023-04-08,1952-03-01,2476.143674767478
2023-04-08,2023-04-08,1952-04-01,2453.2823254011823
2023-04-08,2023-04-08,1952-05-01,2409.35182535962
2023-04-08,2023-04-08,1952-06-01,2261.840409886414
2023-04-08,2023-04-08,1952-07-01,2153.6068769583117
2023-04-08,2023-04-08,1952-08-01,2310.8075171407636
2023-04-08,2023-04-08,1952-09-01,2598.045727304079
2023-04-08,2023-04-08,1952-10-01,2600.743454249775
2023-04-08,2023-04-08,1952-11-01,2726.5447500426476
2023-04-08,2023-04-08,1952-12-01,2535.40455402522
2023-04-08,2023-04-08,1953-01-01,2650.622744883493
2023-04-08,2023-04-08,1953-02-01,2759.697653551571
2023-04-08,2023-04-08,1953-03-01,2824.4933846681715
2023-04-08,2023-04-08,1953-04-01,2615.901713538886
2023-04-08,2023-04-08,1953-05-01,2581.46594763329
2023-04-08,2023-04-08,1953-06-01,2413.3934237903823
2023-04-08,2023-04-08,1953-07-01,2226.6390682716456
2023-04-08,2023-04-08,1953-08-01,2171.6760265075354
2023-04-08,2023-04-08,1953-09-01,2122.211969618775
2023-04-08,2023-04-08,1953-10-01,1917.7404704225978
2023-04-08,2023-04-08,1953-11-01,1734.0365866058785
2023-04-08,2023-04-08,1953-12-01,1462.7791534909186
2023-04-08,2023-04-08,1954-01-01,1493.2391371138267
2023-04-08,2023-04-08,1954-02-01,1431.554148893044
2023-04-08,2023-04-08,1954-03-01,1379.8822895071585
2023-04-08,2023-04-08,1954-04-01,1335.6524734614115
2023-04-08,2023-04-08,1954-05-01,1306.6975751046684
2023-04-08,2023-04-08,1954-06-01,1299.884483704044
2023-04-08,2023-04-08,1954-07-01,1275.636925735441
2023-04-08,2023-04-08,1954-08-01,1260.2423932407362
2023-04-08,2023-04-08,1954-09-01,1234.5605585700291
2023-04-08,2023-04-08,1954-10-01,1264.772437161375
2023-04-08,2023-04-08,1954-11-01,1367.359268395291
2023-04-08,2023-04-08,1954-12-01,1334.3631405239314
2023-04-08,2023-04-08,1955-01-01,1524.1990284007506
2023-04-08,2023-04-08,1955-02-01,1519.0953107966552
2023-04-08,2023-04-08,1955-03-01,1688.8757293141864
2023-04-08,2023-04-08,1955-04-01,1742.7152728082408
2023-04-08,2023-04-08,1955-05-01,1856.8014605732155
2023-04-08,2023-04-08,1955-06-01,1835.8718921647305
2023-04-08,2023-04-08,1955-07-01,1999.2740501477774
2023-04-08,2023-04-08,1955-08-01,2085.4012724727277
2023-04-08,2023-04-08,1955-09-01,2062.6295885003074
2023-04-08,2023-04-08,1955-10-01,2178.2145749697534
2023-04-08,2023-04-08,1955-11-01,2221.988853758909
2023-04-08,2023-04-08,1955-12-01,2100.5913307232568
2023-04-08,2023-04-08,1956-01-01,2345.356427922901
2023-04-08,2023-04-08,1956-02-01,2334.939526942199
2023-04-08,2023-04-08,1956-03-01,2165.4610127498768
2023-04-08,2023-04-08,1956-04-01,2180.6240790498314
2023-04-08,2023-04-08,1956-05-01,2220.366741851998
2023-04-08,2023-04-08,1956-06-01,2195.0378383553943
2023-04-08,2023-04-08,1956-07-01,2097.955907411051
2023-04-08,2023-04-08,1956-08-01,2083.1466959071436
2023-04-08,2023-04-08,1956-09-01,2084.427709428842
2023-04-08,2023-04-08,1956-10-01,2152.995673242716
2023-04-08,2023-04-08,1956-11-01,2131.9402035166727
2023-04-08,2023-04-08,1956-12-01,2059.327683083013
2023-04-08,2023-04-08,1957-01-01,2186.02101175785
2023-04-08,2023-04-08,1957-02-01,2052.489818095528
2023-04-08,2023-04-08,1957-03-01,2041.1625828715732
2023-04-08,2023-04-08,1957-04-01,1885.1902656216014
2023-04-08,2023-04-08,1957-05-01,1923.5391406304743
2023-04-08,2023-04-08,1957-06-01,1896.646175978808
2023-04-08,2023-04-08,1957-07-01,1904.6794563280591
2023-04-08,2023-04-08,1957-08-01,1738.8701983247563
2023-04-08,2023-04-08,1957-09-01,1686.2094319108983
2023-04-08,2023-04-08,1957-10-01,1475.4772534951305
2023-04-08,2023-04-08,1957-11-01,1389.8647297116424
2023-04-08,2023-04-08,1957-12-01,1333.2572059528643
2023-04-08,2023-04-08,1958-01-01,1327.2633050447703
2023-04-08,2023-04-08,1958-02-01,1217.5448391562218
2023-04-08,2023-04-08,1958-03-01,1155.8034628226503
2023-04-08,2023-04-08,1958-04-01,1100.561626301558
2023-04-08,2023-04-08,1958-05-01,1129.70084783161
2023-04-08,2023-04-08,1958-06-01,1201.0918851793747
2023-04-08,2023-04-08,1958-07-01,1253.9105365874348
2023-04-08,2023-04-08,1958-08-01,1257.8484191112186
2023-04-08,2023-04-08,1958-09-01,1206.9132957408729
2023-04-08,2023-04-08,1958-10-01,1270.576284068718
2023-04-08,2023-04-08,1958-11-01,1350.9089030832345
2023-04-08,2023-04-08,1958-12-01,1327.4990233105534
2023-04-08,2023-04-08,1959-01-01,1456.9381461080393
2023-04-08,2023-04-08,1959-02-01,1525.8237288091684
2023-04-08,2023-04-08,1959-03-01,1635.947999905479
2023-04-08,2023-04-08,1959-04-01,1705.6328063164212
2023-04-08,2023-04-08,1959-05-01,1777.2418130510785
2023-04-08,2023-04-08,1959-06-01,1842.9637785267496
2023-04-08,2023-04-08,1959-07-01,1850.0087058268384
2023-04-08,2023-04-08,1959-08-01,1758.559980585543
2023-04-08,2023-04-08,1959-09-01,1723.4466406765555
2023-04-08,2023-04-08,1959-10-01,1666.7690484853124
2023-04-08,2023-04-08,1959-11-01,1735.8151045251475
2023-04-08,2023-04-08,1959-12-01,1658.2035068678179
2023-04-08,2023-04-08,1960-01-01,2116.416256754793
2023-04-08,2023-04-08,1960-02-01,2116.0172919431893
2023-04-08,2023-04-08,1960-03-01,2023.2655535962856
2023-04-08,2023-04-08,1960-04-01,1980.988964128435
2023-04-08,2023-04-08,1960-05-01,1956.5825967087699
2023-04-08,2023-04-08,1960-06-01,1913.5210198752602
2023-04-08,2023-04-08,1960-07-01,1843.8783654396836
2023-04-08,2023-04-08,1960-08-01,1820.5923533295247
2023-04-08,2023-04-08,1960-09-01,1750.8574459079477
2023-04-08,2023-04-08,1960-10-01,1679.593788937452
2023-04-08,2023-04-08,1960-11-01,1653.8649954631546
2023-04-08,2023-04-08,1960-12-01,1574.7453559915884
2023-04-08,2023-04-08,1961-01-01,1575.9086027919516
2023-04-08,2023-04-08,1961-02-01,1549.2665164334692
2023-04-08,2023-04-08,1961-03-01,1581.6353562706624
2023-04-08,2023-04-08,1961-04-01,1584.872739467454
2023-04-08,2023-04-08,1961-05-01,1654.1702275780483
2023-04-08,2023-04-08,1961-06-01,1677.276169321464
2023-04-08,2023-04-08,1961-07-01,1721.3449574234426
2023-04-08,2023-04-08,1961-08-01,1786.4967618895525
2023-04-08,2023-04-08,1961-09-01,1817.4122820359992
2023-04-08,2023-04-08,1961-10-01,1915.7565538797285
2023-04-08,2023-04-08,1961-11-01,1977.6585876824224
2023-04-08,2023-04-08,1961-12-01,1956.300659803168
2023-04-08,2023-04-08,1962-01-01,2050.2616794013256
2023-04-08,2023-04-08,1962-02-01,2017.636969581767
2023-04-08,2023-04-08,1962-03-01,2017.7802493449776
2023-04-08,2023-04-08,1962-04-01,2013.8830397856439
2023-04-08,2023-04-08,1962-05-01,2086.922441435862
2023-04-08,2023-04-08,1962-06-01,2020.6458446091935
2023-04-08,2023-04-08,1962-07-01,2014.570782649056
2023-04-08,2023-04-08,1962-08-01,1981.5371253548046
2023-04-08,2023-04-08,1962-09-01,1946.8750697398166
2023-04-08,2023-04-08,1962-10-01,1914.1958212276495
2023-04-08,2023-04-08,1962-11-01,1912.9541865310819
2023-04-08,2023-04-08,1962-12-01,1912.4953215345245
2023-04-08,2023-04-08,1963-01-01,1946.6835370498648
2023-04-08,2023-04-08,1963-02-01,1949.8575073405034
2023-04-08,2023-04-08,1963-03-01,1980.671715528923
2023-04-08,2023-04-08,1963-04-01,1948.504761441226
2023-04-08,2023-04-08,1963-05-01,1912.3333690665922
2023-04-08,2023-04-08,1963-06-01,1920.0911825759283
2023-04-08,2023-04-08,1963-07-01,1982.1496231205022
2023-04-08,2023-04-08,1963-08-01,1950.923508721702
2023-04-08,2023-04-08,1963-09-01,1946.9641803935813
2023-04-08,2023-04-08,1963-10-01,2017.8285028073803
2023-04-08,2023-04-08,1963-11-01,1981.4877629954897
2023-04-08,2023-04-08,1963-12-01,2081.961818484634
2023-04-08,2023-04-08,1964-01-01,2086.807077883778
2023-04-08,2023-04-08,1964-02-01,2055.925759241599
2023-04-08,2023-04-08,1964-03-01,2083.660284469301
2023-04-08,2023-04-08,1964-04-01,2181.0163880954196
2023-04-08,2023-04-08,1964-05-01,2184.617979150358
2023-04-08,2023-04-08,1964-06-01,2254.8248778248662
2023-04-08,2023-04-08,1964-07-01,2321.5396334215147
2023-04-08,2023-04-08,1964-08-01,2284.5157726716734
2023-04-08,2023-04-08,1964-09-01,2316.989068081984
2023-04-08,2023-04-08,1964-10-01,2317.5581198383693
2023-04-08,2023-04-08,1964-11-01,2425.2538451441524
2023-04-08,2023-04-08,1964-12-01,2417.5954963086415
2023-04-08,2023-04-08,1965-01-01,2448.220389546321
2023-04-08,2023-04-08,1965-02-01,2553.3857025243074
2023-04-08,2023-04-08,1965-03-01,2583.9092838936804
2023-04-08,2023-04-08,1965-04-01,2621.1041559171476
2023-04-08,2023-04-08,1965-05-01,2725.877713497238
2023-04-08,2023-04-08,1965-06-01,2751.4151591069826
2023-04-08,2023-04-08,1965-07-01,2764.319581653458
2023-04-08,2023-04-08,1965-08-01,2855.5216800587195
2023-04-08,2023-04-08,1965-09-01,2961.3486682929156
2023-04-08,2023-04-08,1965-10-01,3057.7191912319254
2023-04-08,2023-04-08,1965-11-01,3263.467822069414
2023-04-08,2023-04-08,1965-12-01,3331.9145064154277
2023-04-08,2023-04-08,1966-01-01,3363.8413050808617
2023-04-08,2023-04-08,1966-02-01,3436.6052391055496
2023-04-08,2023-04-08,1966-03-01,3636.468122085842
2023-04-08,2023-04-08,1966-04-01,3495.996272600572
2023-04-08,2023-04-08,1966-05-01,3528.951172896322
2023-04-08,2023-04-08,1966-06-01,3566.2767530409856
2023-04-08,2023-04-08,1966-07-01,3570.472539139848
2023-04-08,2023-04-08,1966-08-01,3528.8504147466497
2023-04-08,2023-04-08,1966-09-01,3459.0093871426925
2023-04-08,2023-04-08,1966-10-01,3465.5129942527356
2023-04-08,2023-04-08,1966-11-01,3470.0417439694024
2023-04-08,2023-04-08,1966-12-01,3428.938385639645
2023-04-08,2023-04-08,1967-01-01,3457.1864994961
2023-04-08,2023-04-08,1967-02-01,3423.5695542533526
2023-04-08,2023-04-08,1967-03-01,3330.266881330992
2023-04-08,2023-04-08,1967-04-01,3364.0515100527628
2023-04-08,2023-04-08,1967-05-01,3335.4891051025593
2023-04-08,2023-04-08,1967-06-01,3328.510918313992
2023-04-08,2023-04-08,1967-07-01,3265.2611303977947
2023-04-08,2023-04-08,1967-08-01,3361.917843091883
2023-04-08,2023-04-08,1967-09-01,3323.0869942549925
2023-04-08,2023-04-08,1967-10-01,3397.2260441091203
2023-04-08,2023-04-08,1967-11-01,3368.184252800431
2023-04-08,2023-04-08,1967-12-01,3395.618352662715
2023-04-08,2023-04-08,1968-01-01,3470.8600107142693
2023-04-08,2023-04-08,1968-02-01,3427.715977850497
2023-04-08,2023-04-08,1968-03-01,3501.1939080468146
2023-04-08,2023-04-08,1968-04-01,3559.7015979233524
2023-04-08,2023-04-08,1968-05-01,3571.3664193545933
2023-04-08,2023-04-08,1968-06-01,3569.1044486505757
2023-04-08,2023-04-08,1968-07-01,3664.5361656437262
2023-04-08,2023-04-08,1968-08-01,3730.009656321549
2023-04-08,2023-04-08,1968-09-01,3805.129294444792
2023-04-08,2023-04-08,1968-10-01,3997.44290529707
2023-04-08,2023-04-08,1968-11-01,3997.7932473626
2023-04-08,2023-04-08,1968-12-01,3937.158546234834
2023-04-08,2023-04-08,1969-01-01,4101.85318004458
2023-04-08,2023-04-08,1969-02-01,4097.849850892089
2023-04-08,2023-04-08,1969-03-01,4130.532057452434
2023-04-08,2023-04-08,1969-04-01,4170.635601117107
2023-04-08,2023-04-08,1969-05-01,4177.344606765869
2023-04-08,2023-04-08,1969-06-01,4028.087766531846
2023-04-08,2023-04-08,1969-07-01,4004.7407449570605
2023-04-08,2023-04-08,1969-08-01,3928.596516948306
2023-04-08,2023-04-08,1969-09-01,4162.938981729562
2023-04-08,2023-04-08,1969-10-01,4098.05413977123
2023-04-08,2023-04-08,1969-11-01,4002.885687866255
2023-04-08,2023-04-08,1969-12-01,3863.144842567535
2023-04-08,2023-04-08,1970-01-01,3698.164203802106
2023-04-08,2023-04-08,1970-02-01,3660.269386947781
2023-04-08,2023-04-08,1970-03-01,3462.202215370053
2023-04-08,2023-04-08,1970-04-01,3364.752378932737
2023-04-08,2023-04-08,1970-05-01,3156.5883287268575
2023-04-08,2023-04-08,1970-06-01,3095.62898347529
2023-04-08,2023-04-08,1970-07-01,2988.6670345866787
2023-04-08,2023-04-08,1970-08-01,2957.264732280921
2023-04-08,2023-04-08,1970-09-01,2929.2325557734403
2023-04-08,2023-04-08,1970-10-01,2725.061296528274
2023-04-08,2023-04-08,1970-11-01,2718.515907123188
2023-04-08,2023-04-08,1970-12-01,2722.485588511958
2023-04-08,2023-04-08,1971-01-01,2619.8288730342683
2023-04-08,2023-04-08,1971-02-01,2689.3929547529115
2023-04-08,2023-04-08,1971-03-01,2688.492233454237
2023-04-08,2023-04-08,1971-04-01,2684.9070963951344
2023-04-08,2023-04-08,1971-05-01,2722.0612954689345
2023-04-08,2023-04-08,1971-06-01,2831.9842353198615
2023-04-08,2023-04-08,1971-07-01,2791.063904421823
2023-04-08,2023-04-08,1971-08-01,2817.7379744736977
2023-04-08,2023-04-08,1971-09-01,2788.3384468485315
2023-04-08,2023-04-08,1971-10-01,2824.360272690606
2023-04-08,2023-04-08,1971-11-01,2891.2587960476512
2023-04-08,2023-04-08,1971-12-01,2928.5690314074945
2023-04-08,2023-04-08,1972-01-01,3067.8053469117885
2023-04-08,2023-04-08,1972-02-01,3133.499211068501
2023-04-08,2023-04-08,1972-03-01,3202.4783414693147
2023-04-08,2023-04-08,1972-04-01,3234.6151605544824
2023-04-08,2023-04-08,1972-05-01,3290.0444614745843
2023-04-08,2023-04-08,1972-06-01,3329.6815601906937
2023-04-08,2023-04-08,1972-07-01,3399.367475869885
2023-04-08,2023-04-08,1972-08-01,3527.2161015319734
2023-04-08,2023-04-08,1972-09-01,3570.6485416518367
2023-04-08,2023-04-08,1972-10-01,3736.44430440502
2023-04-08,2023-04-08,1972-11-01,3805.532696314371
2023-04-08,2023-04-08,1972-12-01,4129.696597886648
2023-04-08,2023-04-08,1973-01-01,4237.678143149168
2023-04-08,2023-04-08,1973-02-01,4231.148653025596
2023-04-08,2023-04-08,1973-03-01,4270.653934289303
2023-04-08,2023-04-08,1973-04-01,4196.634684815026
2023-04-08,2023-04-08,1973-05-01,4244.051226725505
2023-04-08,2023-04-08,1973-06-01,4271.286953379137
2023-04-08,2023-04-08,1973-07-01,4340.220973844549
2023-04-08,2023-04-08,1973-08-01,4236.330389510163
2023-04-08,2023-04-08,1973-09-01,4202.074508869266
2023-04-08,2023-04-08,1973-10-01,4265.768742103481
2023-04-08,2023-04-08,1973-11-01,4243.142001676176
2023-04-08,2023-04-08,1973-12-01,4066.4423725001916
2023-04-08,2023-04-08,1974-01-01,4063.406505340785
2023-04-08,2023-04-08,1974-02-01,3974.6684482866053
2023-04-08,2023-04-08,1974-03-01,3990.185739156838
2023-04-08,2023-04-08,1974-04-01,4117.958010666898
2023-04-08,2023-04-08,1974-05-01,4064.160988768957
2023-04-08,2023-04-08,1974-06-01,3957.3397313791857
2023-04-08,2023-04-08,1974-07-01,3818.7270063300057
2023-04-08,2023-04-08,1974-08-01,3727.2928863960556
2023-04-08,2023-04-08,1974-09-01,3573.6731313104074
2023-04-08,2023-04-08,1974-10-01,3318.265398407405
2023-04-08,2023-04-08,1974-11-01,3069.905550837027
2023-04-08,2023-04-08,1974-12-01,2813.075374415843
2023-04-08,2023-04-08,1975-01-01,2651.4543217257046
2023-04-08,2023-04-08,1975-02-01,2589.976026569326
2023-04-08,2023-04-08,1975-03-01,2514.715141428345
2023-04-08,2023-04-08,1975-04-01,2521.0312831456663
2023-04-08,2023-04-08,1975-05-01,2516.76542854492
2023-04-08,2023-04-08,1975-06-01,2698.780644493539
2023-04-08,2023-04-08,1975-07-01,2746.408316958384
2023-04-08,2023-04-08,1975-08-01,2715.710211560787
2023-04-08,2023-04-08,1975-09-01,2786.5270205686816
2023-04-08,2023-04-08,1975-10-01,2788.449742552684
2023-04-08,2023-04-08,1975-11-01,2892.494884126608
2023-04-08,2023-04-08,1975-12-01,2897.3745306685296
2023-04-08,2023-04-08,1976-01-01,2966.1399431441314
2023-04-08,2023-04-08,1976-02-01,3126.206179246283
2023-04-08,2023-04-08,1976-03-01,3150.950316095849
2023-04-08,2023-04-08,1976-04-01,3133.1202134756254
2023-04-08,2023-04-08,1976-05-01,3207.3049278431727
2023-04-08,2023-04-08,1976-06-01,3226.3034547703987
2023-04-08,2023-04-08,1976-07-01,3196.221544709189
2023-04-08,2023-04-08,1976-08-01,3201.450239242016
2023-04-08,2023-04-08,1976-09-01,3177.3783155936585
2023-04-08,2023-04-08,1976-10-01,3218.104154612504
2023-04-08,2023-04-08,1976-11-01,3290.3471056053063
2023-04-08,2023-04-08,1976-12-01,3437.5067005742094
2023-04-08,2023-04-08,1977-01-01,3540.392292872135
2023-04-08,2023-04-08,1977-02-01,3543.3288808683405
2023-04-08,2023-04-08,1977-03-01,3645.9828231110446
2023-04-08,2023-04-08,1977-04-01,3744.867119948855
2023-04-08,2023-04-08,1977-05-01,3848.829992158891
2023-04-08,2023-04-08,1977-06-01,3883.8459024774897
2023-04-08,2023-04-08,1977-07-01,3986.511492062481
2023-04-08,2023-04-08,1977-08-01,4078.2508429960394
2023-04-08,2023-04-08,1977-09-01,4063.4349758891
2023-04-08,2023-04-08,1977-10-01,4262.7606067388315
2023-04-08,2023-04-08,1977-11-01,4406.825542481037
2023-04-08,2023-04-08,1977-12-01,4533.150595921953
2023-04-08,2023-04-08,1978-01-01,4569.031730053848
2023-04-08,2023-04-08,1978-02-01,4604.686021130203
2023-04-08,2023-04-08,1978-03-01,4747.157687064999
2023-04-08,2023-04-08,1978-04-01,5032.693733879378
2023-04-08,2023-04-08,1978-05-01,4992.133173872605
2023-04-08,2023-04-08,1978-06-01,4996.478525473383
2023-04-08,2023-04-08,1978-07-01,4997.845137098876
2023-04-08,2023-04-08,1978-08-01,5079.119335201026
2023-04-08,2023-04-08,1978-09-01,5150.204029988618
2023-04-08,2023-04-08,1978-10-01,5316.940077700732
2023-04-08,2023-04-08,1978-11-01,5284.363250973543
2023-04-08,2023-04-08,1978-12-01,5316.158601972743
2023-04-08,2023-04-08,1979-01-01,5271.145646427043
2023-04-08,2023-04-08,1979-02-01,5158.447516390895
2023-04-08,2023-04-08,1979-03-01,5201.414251957037
2023-04-08,2023-04-08,1979-04-01,5373.266218221194
2023-04-08,2023-04-08,1979-05-01,5334.696969685698
2023-04-08,2023-04-08,1979-06-01,5261.886630640074
2023-04-08,2023-04-08,1979-07-01,5221.953544674802
2023-04-08,2023-04-08,1979-08-01,5284.917881971647
2023-04-08,2023-04-08,1979-09-01,5423.802746959256
2023-04-08,2023-04-08,1979-10-01,5510.706083434037
2023-04-08,2023-04-08,1979-11-01,5164.425332734755
2023-04-08,2023-04-08,1979-12-01,5127.259486280588
2023-04-08,2023-04-08,1980-01-01,5004.022251503782
2023-04-08,2023-04-08,1980-02-01,4892.006686725785
2023-04-08,2023-04-08,1980-03-01,4821.278988534015
2023-04-08,2023-04-08,1980-04-01,4256.547071700167
2023-04-08,2023-04-08,1980-05-01,3914.207531310209
2023-04-08,2023-04-08,1980-06-01,3967.976821605233
2023-04-08,2023-04-08,1980-07-01,3982.060575261239
2023-04-08,2023-04-08,1980-08-01,3999.8551824322617
2023-04-08,2023-04-08,1980-09-01,4177.793488068038
2023-04-08,2023-04-08,1980-10-01,4189.769272871086
2023-04-08,2023-04-08,1980-11-01,4375.109503511993
2023-04-08,2023-04-08,1980-12-01,4207.548720119116
2023-04-08,2023-04-08,1981-01-01,4114.136230037579
2023-04-08,2023-04-08,1981-02-01,4182.396928026351
2023-04-08,2023-04-08,1981-03-01,4174.344790121395
2023-04-08,2023-04-08,1981-04-01,4168.5121019673525
2023-04-08,2023-04-08,1981-05-01,4119.3002185711875
2023-04-08,2023-04-08,1981-06-01,4148.267503372533
2023-04-08,2023-04-08,1981-07-01,4114.25159326608
2023-04-08,2023-04-08,1981-08-01,4080.455133460443
2023-04-08,2023-04-08,1981-09-01,3864.0688575968907
2023-04-08,2023-04-08,1981-10-01,3648.243684759817
2023-04-08,2023-04-08,1981-11-01,3635.1425528752857
2023-04-08,2023-04-08,1981-12-01,3463.277830279343
2023-04-08,2023-04-08,1982-01-01,3448.7381695728686
2023-04-08,2023-04-08,1982-02-01,3319.0226558652644
2023-04-08,2023-04-08,1982-03-01,3220.7724864275324
2023-04-08,2023-04-08,1982-04-01,3086.087104968792
2023-04-08,2023-04-08,1982-05-01,3062.9793155130014
2023-04-08,2023-04-08,1982-06-01,2889.9069744298754
2023-04-08,2023-04-08,1982-07-01,2753.960917112726
2023-04-08,2023-04-08,1982-08-01,2676.527725902062
2023-04-08,2023-04-08,1982-09-01,2538.252586707201
2023-04-08,2023-04-08,1982-10-01,2538.7798562359644
2023-04-08,2023-04-08,1982-11-01,2545.7948334447365
2023-04-08,2023-04-08,1982-12-01,2649.2348720363093
2023-04-08,2023-04-08,1983-01-01,2680.9113471481323
2023-04-08,2023-04-08,1983-02-01,2679.4339941315006
2023-04-08,2023-04-08,1983-03-01,2760.0757276535223
2023-04-08,2023-04-08,1983-04-01,2827.5593871406436
2023-04-08,2023-04-08,1983-05-01,3072.5467061554755
2023-04-08,2023-04-08,1983-06-01,3081.8961265926214
2023-04-08,2023-04-08,1983-07-01,3264.458023952109
2023-04-08,2023-04-08,1983-08-01,3319.83093825443
2023-04-08,2023-04-08,1983-09-01,3384.0968115782825
2023-04-08,2023-04-08,1983-10-01,3703.9674954507605
2023-04-08,2023-04-08,1983-11-01,3713.9615824692028
2023-04-08,2023-04-08,1983-12-01,3862.6046314053174
2023-04-08,2023-04-08,1984-01-01,3962.271329300361
2023-04-08,2023-04-08,1984-02-01,4143.167298894951
2023-04-08,2023-04-08,1984-03-01,4146.772772369104
2023-04-08,2023-04-08,1984-04-01,4328.210986534805
2023-04-08,2023-04-08,1984-05-01,4391.3197139120375
2023-04-08,2023-04-08,1984-06-01,4481.979753366008
2023-04-08,2023-04-08,1984-07-01,4551.295914812803
2023-04-08,2023-04-08,1984-08-01,4392.594811366121
2023-04-08,2023-04-08,1984-09-01,4504.60446001885
2023-04-08,2023-04-08,1984-10-01,4532.093283537218
2023-04-08,2023-04-08,1984-11-01,4474.77305849914
2023-04-08,2023-04-08,1984-12-01,4660.349007343336
2023-04-08,2023-04-08,1985-01-01,4538.945753670505
2023-04-08,2023-04-08,1985-02-01,4566.157816150129
2023-04-08,2023-04-08,1985-03-01,4690.731712228836
2023-04-08,2023-04-08,1985-04-01,4562.921357302879
2023-04-08,2023-04-08,1985-05-01,4665.6043240852405
2023-04-08,2023-04-08,1985-06-01,4654.713028433098
2023-04-08,2023-04-08,1985-07-01,4626.44624316173
2023-04-08,2023-04-08,1985-08-01,4646.597478909502
2023-04-08,2023-04-08,1985-09-01,4735.628195031082
2023-04-08,2023-04-08,1985-10-01,4659.543868470509
2023-04-08,2023-04-08,1985-11-01,4745.025498726842
2023-04-08,2023-04-08,1985-12-01,4624.906216619066
2023-04-08,2023-04-08,1986-01-01,4616.371919196178
2023-04-08,2023-04-08,1986-02-01,4602.675852754208
2023-04-08,2023-04-08,1986-03-01,4572.643304929462
2023-04-08,2023-04-08,1986-04-01,4598.077219329815
2023-04-08,2023-04-08,1986-05-01,4519.473386211227
2023-04-08,2023-04-08,1986-06-01,4802.826403881363
2023-04-08,2023-04-08,1986-07-01,4608.102550486371
2023-04-08,2023-04-08,1986-08-01,4652.608203169946
2023-04-08,2023-04-08,1986-09-01,4706.033067334294
2023-04-08,2023-04-08,1986-10-01,4688.931749331126
2023-04-08,2023-04-08,1986-11-01,4890.994669512536
2023-04-08,2023-04-08,1986-12-01,4626.9049227178675
2023-04-08,2023-04-08,1987-01-01,4570.117883264186
2023-04-08,2023-04-08,1987-02-01,4845.044941593744
2023-04-08,2023-04-08,1987-03-01,5049.517181600203
2023-04-08,2023-04-08,1987-04-01,5008.186423590885
2023-04-08,2023-04-08,1987-05-01,5147.321980632758
2023-04-08,2023-04-08,1987-06-01,5131.709478125005
2023-04-08,2023-04-08,1987-07-01,5142.77548264973
2023-04-08,2023-04-08,1987-08-01,5383.058789465046
2023-04-08,2023-04-08,1987-09-01,5347.136241762005
2023-04-08,2023-04-08,1987-10-01,5413.883535631104
2023-04-08,2023-04-08,1987-11-01,5482.131475835963
2023-04-08,2023-04-08,1987-12-01,5245.206832739724
2023-04-08,2023-04-08,1988-01-01,5121.44750516471
2023-04-08,2023-04-08,1988-02-01,5196.561411618746
2023-04-08,2023-04-08,1988-03-01,5320.263058833289
2023-04-08,2023-04-08,1988-04-01,5290.302243321769
2023-04-08,2023-04-08,1988-05-01,5394.364949266048
2023-04-08,2023-04-08,1988-06-01,5255.073169573557
2023-04-08,2023-04-08,1988-07-01,5353.351625159844
2023-04-08,2023-04-08,1988-08-01,5373.591971583001
2023-04-08,2023-04-08,1988-09-01,5140.855719602848
2023-04-08,2023-04-08,1988-10-01,5422.342217929816
2023-04-08,2023-04-08,1988-11-01,5260.083708909902
2023-04-08,2023-04-08,1988-12-01,5372.790344317827
2023-04-08,2023-04-08,1989-01-01,5223.945040979703
2023-04-08,2023-04-08,1989-02-01,5213.149141916165
2023-04-08,2023-04-08,1989-03-01,5080.353019707851
2023-04-08,2023-04-08,1989-04-01,5345.575693350426
2023-04-08,2023-04-08,1989-05-01,5113.363752869379
2023-04-08,2023-04-08,1989-06-01,4905.701274581599
2023-04-08,2023-04-08,1989-07-01,4996.268136003453
2023-04-08,2023-04-08,1989-08-01,4958.3775713214345
2023-04-08,2023-04-08,1989-09-01,4926.5979348594265
2023-04-08,2023-04-08,1989-10-01,5052.029660686526
2023-04-08,2023-04-08,1989-11-01,4861.973584682591
2023-04-08,2023-04-08,1989-12-01,5017.628837739253
2023-04-08,2023-04-08,1990-01-01,4955.155717558051
2023-04-08,2023-04-08,1990-02-01,4741.144004656424
2023-04-08,2023-04-08,1990-03-01,4721.318337497881
2023-04-08,2023-04-08,1990-04-01,4645.924895536112
2023-04-08,2023-04-08,1990-05-01,4538.573225717673
2023-04-08,2023-04-08,1990-06-01,4480.605745978672
2023-04-08,2023-04-08,1990-07-01,4486.279069970378
2023-04-08,2023-04-08,1990-08-01,4309.1435009288225
2023-04-08,2023-04-08,1990-09-01,4142.8698321825
2023-04-08,2023-04-08,1990-10-01,3936.617040643445
2023-04-08,2023-04-08,1990-11-01,3659.270865285216
2023-04-08,2023-04-08,1990-12-01,3661.360716179961
2023-04-08,2023-04-08,1991-01-01,3399.784743611948
2023-04-08,2023-04-08,1991-02-01,3285.0481574803725
2023-04-08,2023-04-08,1991-03-01,3220.7153599619273
2023-04-08,2023-04-08,1991-04-01,3205.228573788515
2023-04-08,2023-04-08,1991-05-01,3195.806496557351
2023-04-08,2023-04-08,1991-06-01,3246.4437822561404
2023-04-08,2023-04-08,1991-07-01,3125.280314370898
2023-04-08,2023-04-08,1991-08-01,3078.5367242112875
2023-04-08,2023-04-08,1991-09-01,3114.1533002952287
2023-04-08,2023-04-08,1991-10-01,2973.477345723887
2023-04-08,2023-04-08,1991-11-01,3021.7108605445696
2023-04-08,2023-04-08,1991-12-01,3044.2457169305344
2023-04-08,2023-04-08,1992-01-01,2893.9005056871197
2023-04-08,2023-04-08,1992-02-01,3010.260866148531
2023-04-08,2023-04-08,1992-03-01,3161.2019375920227
2023-04-08,2023-04-08,1992-04-01,3048.8988889028365
2023-04-08,2023-04-08,1992-05-01,3150.2740361667934
2023-04-08,2023-04-08,1992-06-01,3111.135920712787
2023-04-08,2023-04-08,1992-07-01,3089.886330020687
2023-04-08,2023-04-08,1992-08-01,3162.4208323005946
2023-04-08,2023-04-08,1992-09-01,3064.639326373413
2023-04-08,2023-04-08,1992-10-01,3124.318213665274
2023-04-08,2023-04-08,1992-11-01,3229.4289878931722
2023-04-08,2023-04-08,1992-12-01,3232.270179379005
2023-04-08,2023-04-08,1993-01-01,3157.1834485424984
2023-04-08,2023-04-08,1993-02-01,3277.3543125682395
2023-04-08,2023-04-08,1993-03-01,3257.151311218317
2023-04-08,2023-04-08,1993-04-01,3256.796716913918
2023-04-08,2023-04-08,1993-05-01,3393.5096441956675
2023-04-08,2023-04-08,1993-06-01,3301.66824132221
2023-04-08,2023-04-08,1993-07-01,3420.923777371838
2023-04-08,2023-04-08,1993-08-01,3498.683646399407
2023-04-08,2023-04-08,1993-09-01,3417.513349253094
2023-04-08,2023-04-08,1993-10-01,3593.262341209822
2023-04-08,2023-04-08,1993-11-01,3621.06989288538
2023-04-08,2023-04-08,1993-12-01,3723.583142274772
2023-04-08,2023-04-08,1994-01-01,3856.022916851039
2023-04-08,2023-04-08,1994-02-01,4018.4763073110666
2023-04-08,2023-04-08,1994-03-01,4073.3294937156966
2023-04-08,2023-04-08,1994-04-01,4072.868189124886
2023-04-08,2023-04-08,1994-05-01,4235.675493341923
2023-04-08,2023-04-08,1994-06-01,4127.333562544899
2023-04-08,2023-04-08,1994-07-01,4344.935780097235
2023-04-08,2023-04-08,1994-08-01,4180.1935895642655
2023-04-08,2023-04-08,1994-09-01,4234.288415157402
2023-04-08,2023-04-08,1994-10-01,4506.224768864384
2023-04-08,2023-04-08,1994-11-01,4451.281595851401
2023-04-08,2023-04-08,1994-12-01,4615.086572244784
2023-04-08,2023-04-08,1995-01-01,4450.949972687602
2023-04-08,2023-04-08,1995-02-01,4460.055624118199
2023-04-08,2023-04-08,1995-03-01,4360.247268951528
2023-04-08,2023-04-08,1995-04-01,4424.066407736856
2023-04-08,2023-04-08,1995-05-01,4106.151771255323
2023-04-08,2023-04-08,1995-06-01,4170.063591436922
2023-04-08,2023-04-08,1995-07-01,4399.527843045837
2023-04-08,2023-04-08,1995-08-01,4354.839272922077
2023-04-08,2023-04-08,1995-09-01,4364.588968343431
2023-04-08,2023-04-08,1995-10-01,4430.876390832107
2023-04-08,2023-04-08,1995-11-01,4275.259717492663
2023-04-08,2023-04-08,1995-12-01,4677.797959732437
2023-04-08,2023-04-08,1996-01-01,4409.282401902664
2023-04-08,2023-04-08,1996-02-01,4308.280859333972
2023-04-08,2023-04-08,1996-03-01,4432.023710577126
2023-04-08,2023-04-08,1996-04-01,4330.703100908442
2023-04-08,2023-04-08,1996-05-01,4172.975266486381
2023-04-08,2023-04-08,1996-06-01,4581.520096092786
2023-04-08,2023-04-08,1996-07-01,4309.218164846716
2023-04-08,2023-04-08,1996-08-01,4322.774342276448
2023-04-08,2023-04-08,1996-09-01,4563.814438697657
2023-04-08,2023-04-08,1996-10-01,4347.575452117891
2023-04-08,2023-04-08,1996-11-01,4706.414476204367
2023-04-08,2023-04-08,1996-12-01,4663.518085903591
2023-04-08,2023-04-08,1997-01-01,4620.109653859134
2023-04-08,2023-04-08,1997-02-01,4810.02295349058
2023-04-08,2023-04-08,1997-03-01,4766.713794624562
2023-04-08,2023-04-08,1997-04-01,4724.301817740647
2023-04-08,2023-04-08,1997-05-01,4447.344802611494
2023-04-08,2023-04-08,1997-06-01,4875.461756764763
2023-04-08,2023-04-08,1997-07-01,4715.032426833152
2023-04-08,2023-04-08,1997-08-01,4791.820195543268
2023-04-08,2023-04-08,1997-09-01,5048.73145307352
2023-04-08,2023-04-08,1997-10-01,4948.436317113851
2023-04-08,2023-04-08,1997-11-01,5268.425324316802
2023-04-08,2023-04-08,1997-12-01,4925.79981559055
2023-04-08,2023-04-08,1998-01-01,5128.456347216664
2023-04-08,2023-04-08,1998-02-01,5271.848346099343
2023-04-08,2023-04-08,1998-03-01,5232.5078548207175
2023-04-08,2023-04-08,1998-04-01,5255.283343906594
2023-04-08,2023-04-08,1998-05-01,5277.824940086237
2023-04-08,2023-04-08,1998-06-01,5176.928554470953
2023-04-08,2023-04-08,1998-07-01,5199.720020818557
2023-04-08,2023-04-08,1998-08-01,5286.712512624005
2023-04-08,2023-04-08,1998-09-01,5058.490518431031
2023-04-08,2023-04-08,1998-10-01,5019.564605798545
2023-04-08,2023-04-08,1998-11-01,5297.287813781915
2023-04-08,2023-04-08,1998-12-01,5195.438384638213
2023-04-08,2023-04-08,1999-01-01,5541.320535315966
2023-04-08,2023-04-08,1999-02-01,5634.685768702579
2023-04-08,2023-04-08,1999-03-01,5405.343529533316
2023-04-08,2023-04-08,1999-04-01,5368.406215323082
2023-04-08,2023-04-08,1999-05-01,5462.205273353446
2023-04-08,2023-04-08,1999-06-01,5228.861957937051
2023-04-08,2023-04-08,1999-07-01,5323.699367756145
2023-04-08,2023-04-08,1999-08-01,5354.024235592944
2023-04-08,2023-04-08,1999-09-01,5184.733789284484
2023-04-08,2023-04-08,1999-10-01,5415.855109355321
2023-04-08,2023-04-08,1999-11-01,5379.970025198549
2023-04-08,2023-04-08,1999-12-01,5480.38070229832
2023-04-08,2023-04-08,2000-01-01,5782.555826076417
2023-04-08,2023-04-08,2000-02-01,5887.574921926892
2023-04-08,2023-04-08,2000-03-01,5786.519966691966
2023-04-08,2023-04-08,2000-04-01,5823.214298607212
2023-04-08,2023-04-08,2000-05-01,5442.141633283591
2023-04-08,2023-04-08,2000-06-01,5337.720026495496
2023-04-08,2023-04-08,2000-07-01,5445.723987989189
2023-04-08,2023-04-08,2000-08-01,5126.606556121136
2023-04-08,2023-04-08,2000-09-01,5306.041452548698
2023-04-08,2023-04-08,2000-10-01,5271.738772121161
2023-04-08,2023-04-08,2000-11-01,5091.642011130054
2023-04-08,2023-04-08,2000-12-01,5088.0
2023-04-08,2023-04-08,2001-01-01,5234.0
2023-04-08,2023-04-08,2001-02-01,5097.0
2023-04-08,2023-04-08,2001-03-01,4762.0
2023-04-08,2023-04-08,2001-04-01,4615.0
2023-04-08,2023-04-08,2001-05-01,4425.0
2023-04-08,2023-04-08,2001-06-01,4361.0
2023-04-08,2023-04-08,2001-07-01,4447.0
2023-04-08,2023-04-08,2001-08-01,4024.0
2023-04-08,2023-04-08,2001-09-01,4071.0
2023-04-08,2023-04-08,2001-10-01,3707.0
2023-04-08,2023-04-08,2001-11-01,3775.0
2023-04-08,2023-04-08,2001-12-01,3677.0
2023-04-08,2023-04-08,2002-01-01,3699.0
2023-04-08,2023-04-08,2002-02-01,3436.0
2023-04-08,2023-04-08,2002-03-01,3612.0
2023-04-08,2023-04-08,2002-04-01,3471.0
2023-04-08,2023-04-08,2002-05-01,3457.0
2023-04-08,2023-04-08,2002-06-01,3412.0
2023-04-08,2023-04-08,2002-07-01,3367.0
2023-04-08,2023-04-08,2002-08-01,3517.0
2023-04-08,2023-04-08,2002-09-01,3301.0
2023-04-08,2023-04-08,2002-10-01,3479.0
2023-04-08,2023-04-08,2002-11-01,3514.0
2023-04-08,2023-04-08,2002-12-01,3169.0
2023-04-08,2023-04-08,2003-01-01,3441.0
2023-04-08,2023-04-08,2003-02-01,3229.0
2023-04-08,2023-04-08,2003-03-01,3099.0
2023-04-08,2023-04-08,2003-04-01,3108.0
2023-04-08,2023-04-08,2003-05-01,3289.0
2023-04-08,2023-04-08,2003-06-01,3390.0
2023-04-08,2023-04-08,2003-07-01,2981.0
2023-04-08,2023-04-08,2003-08-01,3190.0
2023-04-08,2023-04-08,2003-09-01,3091.0
2023-04-08,2023-04-08,2003-10-01,3305.0
2023-04-08,2023-04-08,2003-11-01,3324.0
2023-04-08,2023-04-08,2003-12-01,3414.0
2023-04-08,2023-04-08,2004-01-01,3424.0
2023-04-08,2023-04-08,2004-02-01,3532.0
2023-04-08,2023-04-08,2004-03-01,3525.0
2023-04-08,2023-04-08,2004-04-01,3511.0
2023-04-08,2023-04-08,2004-05-01,3710.0
2023-04-08,2023-04-08,2004-06-01,3337.0
2023-04-08,2023-04-08,2004-07-01,3814.0
2023-04-08,2023-04-08,2004-08-01,3541.0
2023-04-08,2023-04-08,2004-09-01,3821.0
2023-04-08,2023-04-08,2004-10-01,3943.0
2023-04-08,2023-04-08,2004-11-01,3472.0
2023-04-08,2023-04-08,2004-12-01,4074.0
2023-04-08,2023-04-08,2005-01-01,3804.0
2023-04-08,2023-04-08,2005-02-01,3965.0
2023-04-08,2023-04-08,2005-03-01,4044.0
2023-04-08,2023-04-08,2005-04-01,4159.0
2023-04-08,2023-04-08,2005-05-01,3797.0
2023-04-08,2023-04-08,2005-06-01,4062.0
2023-04-08,2023-04-08,2005-07-01,4256.0
2023-04-08,2023-04-08,2005-08-01,4142.0
2023-04-08,2023-04-08,2005-09-01,4352.0
2023-04-08,2023-04-08,2005-10-01,4184.0
2023-04-08,2023-04-08,2005-11-01,4248.0
2023-04-08,2023-04-08,2005-12-01,4282.0
2023-04-08,2023-04-08,2006-01-01,4397.0
2023-04-08,2023-04-08,2006-02-01,4325.0
2023-04-08,2023-04-08,2006-03-01,4732.0
2023-04-08,2023-04-08,2006-04-01,4790.0
2023-04-08,2023-04-08,2006-05-01,4463.0
2023-04-08,2023-04-08,2006-06-01,4614.0
2023-04-08,2023-04-08,2006-07-01,4394.0
2023-04-08,2023-04-08,2006-08-01,4710.0
2023-04-08,2023-04-08,2006-09-01,4737.0
2023-04-08,2023-04-08,2006-10-01,4591.0
2023-04-08,2023-04-08,2006-11-01,4645.0
2023-04-08,2023-04-08,2006-12-01,4620.0
2023-04-08,2023-04-08,2007-01-01,4763.0
2023-04-08,2023-04-08,2007-02-01,4699.0
2023-04-08,2023-04-08,2007-03-01,4962.0
2023-04-08,2023-04-08,2007-04-01,4689.0
2023-04-08,2023-04-08,2007-05-01,4657.0
2023-04-08,2023-04-08,2007-06-01,4859.0
2023-04-08,2023-04-08,2007-07-01,4598.0
2023-04-08,2023-04-08,2007-08-01,4546.0
2023-04-08,2023-04-08,2007-09-01,4652.0
2023-04-08,2023-04-08,2007-10-01,4636.0
2023-04-08,2023-04-08,2007-11-01,4646.0
2023-04-08,2023-04-08,2007-12-01,4545.0
2023-04-08,2023-04-08,2008-01-01,4624.0
2023-04-08,2023-04-08,2008-02-01,4279.0
2023-04-08,2023-04-08,2008-03-01,4225.0
2023-04-08,2023-04-08,2008-04-01,4035.0
2023-04-08,2023-04-08,2008-05-01,4194.0
2023-04-08,2023-04-08,2008-06-01,3830.0
2023-04-08,2023-04-08,2008-07-01,3749.0
2023-04-08,2023-04-08,2008-08-01,3674.0
2023-04-08,2023-04-08,2008-09-01,3222.0
2023-04-08,2023-04-08,2008-10-01,3377.0
2023-04-08,2023-04-08,2008-11-01,3231.0
2023-04-08,2023-04-08,2008-12-01,3146.0
2023-04-08,2023-04-08,2009-01-01,2738.0
2023-04-08,2023-04-08,2009-02-01,2864.0
2023-04-08,2023-04-08,2009-03-01,2534.0
2023-04-08,2023-04-08,2009-04-01,2295.0
2023-04-08,2023-04-08,2009-05-01,2549.0
2023-04-08,2023-04-08,2009-06-01,2503.0
2023-04-08,2023-04-08,2009-07-01,2232.0
2023-04-08,2023-04-08,2009-08-01,2338.0
2023-04-08,2023-04-08,2009-09-01,2487.0
2023-04-08,2023-04-08,2009-10-01,2406.0
2023-04-08,2023-04-08,2009-11-01,2503.0
2023-04-08,2023-04-08,2009-12-01,2568.0
2023-04-08,2023-04-08,2010-01-01,2837.0
2023-04-08,2023-04-08,2010-02-01,2666.0
2023-04-08,2023-04-08,2010-03-01,2679.0
2023-04-08,2023-04-08,2010-04-01,3153.0
2023-04-08,2023-04-08,2010-05-01,2988.0
2023-04-08,2023-04-08,2010-06-01,2801.0
2023-04-08,2023-04-08,2010-07-01,3082.0
2023-04-08,2023-04-08,2010-08-01,2999.0
2023-04-08,2023-04-08,2010-09-01,2918.0
2023-04-08,2023-04-08,2010-10-01,3235.0
2023-04-08,2023-04-08,2010-11-01,3211.0
2023-04-08,2023-04-08,2010-12-01,3058.0
2023-04-08,2023-04-08,2011-01-01,3104.0
2023-04-08,2023-04-08,2011-02-01,3226.0
2023-04-08,2023-04-08,2011-03-01,3261.0
2023-04-08,2023-04-08,2011-04-01,3259.0
2023-04-08,2023-04-08,2011-05-01,3179.0
2023-04-08,2023-04-08,2011-06-01,3455.0
2023-04-08,2023-04-08,2011-07-01,3623.0
2023-04-08,2023-04-08,2011-08-01,3329.0
2023-04-08,2023-04-08,2011-09-01,3774.0
2023-04-08,2023-04-08,2011-10-01,3619.0
2023-04-08,2023-04-08,2011-11-01,3565.0
2023-04-08,2023-04-08,2011-12-01,3768.0
2023-04-08,2023-04-08,2012-01-01,3909.0
2023-04-08,2023-04-08,2012-02-01,3616.0
2023-04-08,2023-04-08,2012-03-01,3979.0
2023-04-08,2023-04-08,2012-04-01,3793.0
2023-04-08,2023-04-08,2012-05-01,3835.0
2023-04-08,2023-04-08,2012-06-01,3911.0
2023-04-08,2023-04-08,2012-07-01,3735.0
2023-04-08,2023-04-08,2012-08-01,3809.0
2023-04-08,2023-04-08,2012-09-01,3882.0
2023-04-08,2023-04-08,2012-10-01,3775.0
2023-04-08,2023-04-08,2012-11-01,3878.0
2023-04-08,2023-04-08,2012-12-01,3970.0
2023-04-08,2023-04-08,2013-01-01,3923.0
2023-04-08,2023-04-08,2013-02-01,4004.0
2023-04-08,2023-04-08,2013-03-01,4076.0
2023-04-08,2023-04-08,2013-04-01,3988.0
2023-04-08,2023-04-08,2013-05-01,4145.0
2023-04-08,2023-04-08,2013-06-01,4150.0
2023-04-08,2023-04-08,2013-07-01,3885.0
2023-04-08,2023-04-08,2013-08-01,4085.0
2023-04-08,2023-04-08,2013-09-01,4128.0
2023-04-08,2023-04-08,2013-10-01,4222.0
2023-04-08,2023-04-08,2013-11-01,4119.0
2023-04-08,2023-04-08,2013-12-01,4121.0
2023-04-08,2023-04-08,2014-01-01,4127.0
2023-04-08,2023-04-08,2014-02-01,4373.0
2023-04-08,2023-04-08,2014-03-01,4388.0
2023-04-08,2023-04-08,2014-04-01,4566.0
2023-04-08,2023-04-08,2014-05-01,4747.0
2023-04-08,2023-04-08,2014-06-01,4982.0
2023-04-08,2023-04-08,2014-07-01,4846.0
2023-04-08,2023-04-08,2014-08-01,5349.0
2023-04-08,2023-04-08,2014-09-01,4914.0
2023-04-08,2023-04-08,2014-10-01,5012.0
2023-04-08,2023-04-08,2014-11-01,4843.0
2023-04-08,2023-04-08,2014-12-01,5130.0
2023-04-08,2023-04-08,2015-01-01,5344.0
2023-04-08,2023-04-08,2015-02-01,5466.0
2023-04-08,2023-04-08,2015-03-01,5210.0
2023-04-08,2023-04-08,2015-04-01,5598.0
2023-04-08,2023-04-08,2015-05-01,5563.0
2023-04-08,2023-04-08,2015-06-01,5248.0
2023-04-08,2023-04-08,2015-07-01,6056.0
2023-04-08,2023-04-08,2015-08-01,5467.0
2023-04-08,2023-04-08,2015-09-01,5488.0
2023-04-08,2023-04-08,2015-10-01,5773.0
2023-04-08,2023-04-08,2015-11-01,5708.0
2023-04-08,2023-04-08,2015-12-01,5845.0
2023-04-08,2023-04-08,2016-01-01,6012.0
2023-04-08,2023-04-08,2016-02-01,5770.0
2023-04-08,2023-04-08,2016-03-01,6129.0
2023-04-08,2023-04-08,2016-04-01,5803.0
2023-04-08,2023-04-08,2016-05-01,5777.0
2023-04-08,2023-04-08,2016-06-01,5742.0
2023-04-08,2023-04-08,2016-07-01,5962.0
2023-04-08,2023-04-08,2016-08-01,5677.0
2023-04-08,2023-04-08,2016-09-01,5868.0
2023-04-08,2023-04-08,2016-10-01,5591.0
2023-04-08,2023-04-08,2016-11-01,5971.0
2023-04-08,2023-04-08,2016-12-01,5964.0
2023-04-08,2023-04-08,2017-01-01,5617.0
2023-04-08,2023-04-08,2017-02-01,5923.0
2023-04-08,2023-04-08,2017-03-01,5811.0
2023-04-08,2023-04-08,2017-04-01,6091.0
2023-04-08,2023-04-08,2017-05-01,5826.0
2023-04-08,2023-04-08,2017-06-01,6305.0
2023-04-08,2023-04-08,2017-07-01,6238.0
2023-04-08,2023-04-08,2017-08-01,6276.0
2023-04-08,2023-04-08,2017-09-01,6320.0
2023-04-08,2023-04-08,2017-10-01,6408.0
2023-04-08,2023-04-08,2017-11-01,6271.0
2023-04-08,2023-04-08,2017-12-01,6336.0
2023-04-08,2023-04-08,2018-01-01,6621.0
2023-04-08,2023-04-08,2018-02-01,6552.0
2023-04-08,2023-04-08,2018-03-01,6818.0
2023-04-08,2023-04-08,2018-04-01,6877.0
2023-04-08,2023-04-08,2018-05-01,7016.0
2023-04-08,2023-04-08,2018-06-01,7230.0
2023-04-08,2023-04-08,2018-07-01,7190.0
2023-04-08,2023-04-08,2018-08-01,7208.0
2023-04-08,2023-04-08,2018-09-01,7411.0
2023-04-08,2023-04-08,2018-10-01,7304.0
2023-04-08,2023-04-08,2018-11-01,7594.0
2023-04-08,2023-04-08,2018-12-01,7489.0
2023-04-08,2023-04-08,2019-01-01,7517.0
2023-04-08,2023-04-08,2019-02-01,7072.0
2023-04-08,2023-04-08,2019-03-01,7337.0
2023-04-08,2023-04-08,2019-04-01,7191.0
2023-04-08,2023-04-08,2019-05-01,7311.0
2023-04-08,2023-04-08,2019-06-01,7139.0
2023-04-08,2023-04-08,2019-07-01,7051.0
2023-04-08,2023-04-08,2019-08-01,7172.0
2023-04-08,2023-04-08,2019-09-01,7160.0
2023-04-08,2023-04-08,2019-10-01,7325.0
2023-04-08,2023-04-08,2019-11-01,6919.0
2023-04-08,2023-04-08,2019-12-01,6709.0
2023-04-08,2023-04-08,2020-01-01,7184.0
2023-04-08,2023-04-08,2020-02-01,6995.0
2023-04-08,2023-04-08,2020-03-01,5794.0
2023-04-08,2023-04-08,2020-04-01,4686.0
2023-04-08,2023-04-08,2020-05-01,5581.0
2023-04-08,2023-04-08,2020-06-01,6119.0
2023-04-08,2023-04-08,2020-07-01,6514.0
2023-04-08,2023-04-08,2020-08-01,6360.0
2023-04-08,2023-04-08,2020-09-01,6512.0
2023-04-08,2023-04-08,2020-10-01,6820.0
2023-04-08,2023-04-08,2020-11-01,6875.0
2023-04-08,2023-04-08,2020-12-01,6854.0
2023-04-08,2023-04-08,2021-01-01,7175.0
2023-04-08,2023-04-08,2021-02-01,7760.0
2023-04-08,2023-04-08,2021-03-01,8399.0
2023-04-08,2023-04-08,2021-04-01,9288.0
2023-04-08,2023-04-08,2021-05-01,9840.0
2023-04-08,2023-04-08,2021-06-01,10069.0
2023-04-08,2023-04-08,2021-07-01,10882.0
2023-04-08,2023-04-08,2021-08-01,10960.0
2023-04-08,2023-04-08,2021-09-01,10882.0
2023-04-08,2023-04-08,2021-10-01,11368.0
2023-04-08,2023-04-08,2021-11-01,11232.0
2023-04-08,2023-04-08,2021-12-01,11826.0
2023-04-08,2023-04-08,2022-01-01,11487.0
2023-04-08,2023-04-08,2022-02-01,11601.0
2023-04-08,2023-04-08,2022-03-01,12027.0
2023-04-08,2023-04-08,2022-04-01,11755.0
2023-04-08,2023-04-08,2022-05-01,11443.0
2023-04-08,2023-04-08,2022-06-01,10961.0
2023-04-08,2023-04-08,2022-07-01,11380.0
2023-04-08,2023-04-08,2022-08-01,10198.0
2023-04-08,2023-04-08,2022-09-01,10854.0
2023-04-08,2023-04-08,2022-10-01,10471.0
2023-04-08,2023-04-08,2022-11-01,10746.0
2023-04-08,2023-04-08,2022-12-01,11234.0
2023-04-08,2023-04-08,2023-01-01,10563.0
2023-04-08,2023-04-08,2023-02-01,9931.0
