date,emp_headline,emp_nonagri,emp_perpop,emp_perlabforce,emp_selfemply,emp_pt_econ,emp_pt_econ_slack,emp_pt_econ_only,emp_pt_econ_not,emp_pt_hours,vacancy,vacancy_ratio
1980-01-01,90800.0,96563.0,60.0,0.8520861094949419,6926.0,3526.0,1788.0,1346.0,12902.0,21.9,5004.022251503782,0.697441269
1980-02-01,90883.0,96598.0,60.0,0.8517858983851467,7005.0,3531.0,1672.0,1427.0,12705.0,21.8,4892.006686725785,0.679946285
1980-03-01,90994.0,96295.0,59.7,0.854869318502095,6979.0,3500.0,1703.0,1424.0,12681.0,22.2,4821.278988534015,0.667409719
1980-04-01,90849.0,95907.0,59.4,0.8523139852332748,6913.0,3922.0,2081.0,1466.0,12405.0,22.2,4256.547071700167,0.538869258
1980-05-01,90420.0,95563.0,59.1,0.8456078332351373,6894.0,4428.0,2397.0,1569.0,12520.0,22.7,3914.207531310209,0.456663327
1980-06-01,90101.0,95386.0,58.9,0.8438003371417868,6857.0,4270.0,2465.0,1566.0,12684.0,22.0,3967.976821605233,0.45640899
1980-07-01,89840.0,95477.0,58.8,0.8383803506938288,6994.0,4240.0,2353.0,1595.0,12673.0,21.8,3982.060575261239,0.443501136
1980-08-01,90099.0,95590.0,58.8,0.8412212315017973,7025.0,4374.0,2256.0,1763.0,12541.0,22.0,3999.8551824322617,0.449945659
1980-09-01,90213.0,95634.0,58.9,0.8423406599563017,7071.0,4266.0,2171.0,1733.0,12314.0,22.5,4177.793488068038,0.485101608
1980-10-01,90490.0,95945.0,58.9,0.8425119873376472,7117.0,4234.0,2140.0,1760.0,12418.0,22.2,4189.769272871086,0.482566766
1980-11-01,90747.0,96149.0,59.0,0.8436244979919679,7064.0,4207.0,2054.0,1774.0,12520.0,21.8,4375.109503511993,0.507914745
1980-12-01,90943.0,96142.0,59.0,0.8471477010209405,7146.0,4184.0,2119.0,1691.0,12445.0,21.7,4207.548720119116,0.507774035
1981-01-01,91033.0,96526.0,59.1,0.8426952770629293,7009.0,4312.0,2112.0,1805.0,12561.0,21.7,4114.136230037579,0.474786272
1981-02-01,91105.0,96846.0,59.2,0.8416788307680937,7107.0,4169.0,2090.0,1722.0,12655.0,21.6,4182.396928026351,0.483915042
1981-03-01,91210.0,97206.0,59.4,0.8402347240518456,7079.0,4221.0,2124.0,1790.0,12786.0,21.7,4174.344790121395,0.487095966
1981-04-01,91283.0,97527.0,59.6,0.8380353454211613,7124.0,4148.0,2041.0,1797.0,12792.0,21.6,4168.5121019673525,0.493455331
1981-05-01,91296.0,97679.0,59.5,0.835875556206625,6994.0,4286.0,2168.0,1770.0,12727.0,21.9,4119.3002185711875,0.469415219
1981-06-01,91490.0,96964.0,59.0,0.8440348352337724,7123.0,4170.0,2109.0,1808.0,12797.0,21.6,4148.267503372533,0.477154853
1981-07-01,91601.0,97397.0,59.1,0.8438133313681417,7094.0,4492.0,2176.0,1928.0,12467.0,21.5,4114.25159326608,0.487345797
1981-08-01,91565.0,97310.0,59.1,0.8421706139342378,7084.0,4476.0,2250.0,1921.0,12599.0,22.2,4080.455133460443,0.472996516
1981-09-01,91477.0,96703.0,58.7,0.8447097715478236,7177.0,4558.0,2117.0,1982.0,12304.0,21.1,3864.0688575968907,0.437302552
1981-10-01,91380.0,96966.0,58.8,0.8381640739653654,7146.0,4983.0,2494.0,2135.0,12477.0,22.1,3648.243684759817,0.393014111
1981-11-01,91171.0,96792.0,58.6,0.8346241165915999,7130.0,4979.0,2632.0,2043.0,12375.0,22.0,3635.1425528752857,0.375013844
1981-12-01,90895.0,96418.0,58.2,0.8345728661671808,7081.0,5298.0,2710.0,2180.0,12295.0,22.2,3463.277830279343,0.348116974
1982-01-01,90565.0,96299.0,58.2,0.8301936950563301,6936.0,4830.0,2388.0,2169.0,12355.0,21.2,3448.7381695728686,0.341811216
1982-02-01,90563.0,96387.0,58.2,0.8273086866361552,7100.0,5436.0,2830.0,2237.0,12400.0,22.3,3319.0226558652644,0.318495621
1982-03-01,90434.0,96300.0,58.1,0.8253762537990453,7155.0,5618.0,2895.0,2392.0,12331.0,22.2,3220.7724864275324,0.303183426
1982-04-01,90150.0,96225.0,57.9,0.820888727007831,7225.0,5757.0,3099.0,2322.0,12360.0,22.5,3086.087104968792,0.280652089
1982-05-01,90107.0,96682.0,58.2,0.8158097255796688,7351.0,5775.0,3094.0,2375.0,12627.0,22.5,3062.9793155130014,0.27605225
1982-06-01,89865.0,96212.0,57.8,0.8163534124871685,7321.0,5717.0,3152.0,2383.0,12953.0,21.8,2889.9069744298754,0.255456443
1982-07-01,89521.0,96091.0,57.7,0.8113048521868372,7305.0,5722.0,2899.0,2519.0,12465.0,21.7,2753.960917112726,0.236427321
1982-08-01,89363.0,96225.0,57.8,0.8086124834862551,7318.0,5909.0,3151.0,2588.0,12498.0,21.9,2676.527725902062,0.229114971
1982-09-01,89183.0,96119.0,57.6,0.8054750228050686,7425.0,6385.0,3418.0,2682.0,12600.0,21.8,2538.252586707201,0.210751538
1982-10-01,88907.0,95726.0,57.4,0.8028155024199957,7318.0,6458.0,3415.0,2691.0,12438.0,21.9,2538.7798562359644,0.205134877
1982-11-01,88786.0,95602.0,57.3,0.7995137325529041,7320.0,6356.0,3223.0,2827.0,12382.0,21.8,2545.7948334447365,0.198609482
1982-12-01,88771.0,95618.0,57.2,0.799141182719228,7331.0,6366.0,3170.0,2858.0,12259.0,22.0,2649.2348720363093,0.204796283
1983-01-01,88990.0,95722.0,57.2,0.8039206829576765,7370.0,6446.0,3151.0,2975.0,12320.0,22.0,2680.9113471481323,0.216490376
1983-02-01,88917.0,95707.0,57.1,0.8037041054287108,7403.0,6329.0,2993.0,2975.0,12213.0,21.8,2679.4339941315006,0.216197488
1983-03-01,89090.0,95819.0,57.1,0.8056100626655937,7468.0,6194.0,2899.0,2997.0,12276.0,21.6,2760.0757276535223,0.225368163
1983-04-01,89364.0,96219.0,57.3,0.8063305301909265,7510.0,6029.0,2726.0,3023.0,12300.0,21.8,2827.5593871406436,0.233759318
1983-05-01,89644.0,96314.0,57.3,0.8090905808873966,7539.0,5929.0,2669.0,3012.0,12236.0,21.7,3072.5467061554755,0.256589564
1983-06-01,90021.0,97171.0,57.8,0.804628214410211,7527.0,5966.0,2645.0,3016.0,11985.0,21.4,3081.8961265926214,0.25529077
1983-07-01,90437.0,97727.0,58.1,0.8092361931350442,7625.0,5868.0,2635.0,2817.0,12433.0,21.6,3264.458023952109,0.2883011
1983-08-01,90129.0,98106.0,58.2,0.8030668888275075,7611.0,5947.0,2586.0,2961.0,12509.0,21.6,3319.83093825443,0.291066554
1983-09-01,91247.0,98669.0,58.4,0.8125434112806995,7673.0,5984.0,2508.0,3138.0,12669.0,21.5,3384.0968115782825,0.306555145
1983-10-01,91520.0,98736.0,58.4,0.8176831120561799,7662.0,5728.0,2444.0,3001.0,12522.0,21.8,3703.9674954507605,0.348943057
1983-11-01,91875.0,99438.0,58.7,0.8186459707024984,7785.0,5867.0,2456.0,3069.0,12654.0,21.7,3713.9615824692028,0.364143594
1983-12-01,92230.0,99664.0,58.8,0.8210848682863425,7687.0,5669.0,2362.0,3037.0,12719.0,21.8,3862.6046314053174,0.385596399
1984-01-01,92673.0,99908.0,58.8,0.8258963184771275,7856.0,5708.0,2390.0,3001.0,12544.0,21.8,3962.271329300361,0.409746892
1984-02-01,93157.0,100471.0,59.1,0.8272166230075922,7860.0,5697.0,2363.0,2992.0,12541.0,21.8,4143.167298894951,0.438971676
1984-03-01,93429.0,100734.0,59.1,0.8289105959383567,7778.0,5492.0,2230.0,2961.0,12549.0,21.8,4146.772772369104,0.441687629
1984-04-01,93792.0,101045.0,59.3,0.829298484500168,7856.0,5524.0,2233.0,2977.0,12768.0,21.8,4328.210986534805,0.460168911
1984-05-01,94098.0,101850.0,59.7,0.8279703296993375,7817.0,5310.0,2139.0,2920.0,13018.0,21.8,4391.3197139120375,0.483680227
1984-06-01,94479.0,102208.0,59.9,0.8300956799072194,7847.0,5599.0,2166.0,2953.0,12540.0,21.3,4481.979753366008,0.507537078
1984-07-01,94789.0,102091.0,59.8,0.8316867300740532,7765.0,5484.0,2219.0,2795.0,12668.0,21.5,4551.295914812803,0.496544454
1984-08-01,95032.0,101877.0,59.6,0.8359458841329322,7767.0,5383.0,2231.0,2668.0,12666.0,22.1,4392.594811366121,0.480220683
1984-09-01,95344.0,102097.0,59.7,0.8374013016327498,7737.0,5494.0,2279.0,2929.0,12740.0,22.0,4504.60446001885,0.501493964
1984-10-01,95629.0,102444.0,59.7,0.8387110920109806,7744.0,5475.0,2388.0,2769.0,12650.0,21.8,4532.093283537218,0.503639184
1984-11-01,95982.0,102578.0,59.8,0.8406937023736534,7628.0,5393.0,2301.0,2757.0,12714.0,22.0,4474.77305849914,0.508416687
1984-12-01,96107.0,102838.0,59.9,0.8387690803885461,7739.0,5576.0,2526.0,2755.0,12875.0,22.2,4660.349007343336,0.519382627
1985-01-01,96372.0,102985.0,59.9,0.8400261494879059,7780.0,5390.0,2316.0,2742.0,12820.0,22.0,4538.945753670505,0.501958922
1985-02-01,96503.0,103238.0,60.0,0.8400623280754901,7725.0,5072.0,2044.0,2723.0,13084.0,21.9,4566.157816150129,0.511116452
1985-03-01,96842.0,103739.0,60.2,0.8397093507214206,7841.0,5433.0,2407.0,2646.0,13097.0,22.0,4690.731712228836,0.523923732
1985-04-01,97038.0,103630.0,60.1,0.8413869644761599,7753.0,5355.0,2346.0,2647.0,12943.0,21.9,4562.921357302879,0.506253723
1985-05-01,97312.0,103652.0,60.1,0.8444729854036135,7745.0,5511.0,2453.0,2759.0,12734.0,22.3,4665.6043240852405,0.523488316
1985-06-01,97459.0,103344.0,59.8,0.8477275692602096,7720.0,5318.0,2350.0,2677.0,12862.0,22.1,4654.713028433098,0.512529551
1985-07-01,97648.0,103664.0,59.9,0.8467568505029484,7711.0,5335.0,2238.0,2719.0,13158.0,22.0,4626.44624316173,0.506167039
1985-08-01,97840.0,103974.0,60.0,0.8486351926863328,7844.0,5460.0,2310.0,2784.0,13087.0,22.0,4646.597478909502,0.52806247
1985-09-01,98045.0,104593.0,60.3,0.8459082869591475,7832.0,5345.0,2315.0,2728.0,13086.0,22.3,4735.628195031082,0.534796314
1985-10-01,98233.0,104796.0,60.3,0.8457789831675923,7961.0,5232.0,2111.0,2794.0,13279.0,22.0,4659.543868470509,0.523017595
1985-11-01,98443.0,104945.0,60.4,0.8476600508029448,7944.0,5281.0,2191.0,2806.0,13230.0,22.0,4745.025498726842,0.543799213
1985-12-01,98609.0,105075.0,60.4,0.8474912766213452,7836.0,5282.0,2229.0,2737.0,13189.0,22.0,4624.906216619066,0.529368395
1986-01-01,98732.0,105600.0,60.6,0.8461630757100496,7682.0,5282.0,2211.0,2785.0,13373.0,21.8,4616.371919196178,0.551635664
1986-02-01,98847.0,105397.0,60.3,0.8456990811245529,7716.0,5096.0,2187.0,2621.0,13414.0,22.0,4602.675852754208,0.510235658
1986-03-01,98934.0,105637.0,60.5,0.8440027299095717,7740.0,5298.0,2141.0,2829.0,13397.0,21.9,4572.643304929462,0.50805201
1986-04-01,99121.0,105799.0,60.5,0.844906065668792,7612.0,5563.0,2400.0,2796.0,13396.0,22.3,4598.077219329815,0.512075562
1986-05-01,99248.0,105939.0,60.5,0.844462596147301,7787.0,5633.0,2570.0,2754.0,13338.0,22.4,4519.473386211227,0.498874274
1986-06-01,99155.0,106383.0,60.7,0.8396988584397548,7790.0,5368.0,2319.0,2718.0,13624.0,21.7,4802.826403881363,0.525858016
1986-07-01,99473.0,106669.0,60.8,0.8420709563274048,8060.0,5178.0,2287.0,2626.0,13497.0,21.9,4608.102550486371,0.515927395
1986-08-01,99588.0,106933.0,60.8,0.8428946254760897,7963.0,5307.0,2260.0,2724.0,13535.0,22.0,4652.608203169946,0.53275968
1986-09-01,99934.0,106914.0,60.8,0.8440728071286794,7959.0,5370.0,2369.0,2702.0,13514.0,22.1,4706.033067334294,0.527436823
1986-10-01,100121.0,107145.0,60.9,0.8447888892638968,7972.0,5512.0,2346.0,2755.0,13813.0,22.2,4688.931749331126,0.529782846
1986-11-01,100308.0,107255.0,60.9,0.8455248916836657,8164.0,5265.0,2363.0,2593.0,13602.0,21.9,4890.994669512536,0.558401765
1986-12-01,100509.0,107580.0,61.0,0.8473834635910666,8078.0,5342.0,2279.0,2764.0,13427.0,22.2,4626.9049227178675,0.546746163
1987-01-01,100678.0,107810.0,61.0,0.847137027220329,8191.0,5177.0,2251.0,2619.0,13730.0,21.9,4570.117883264186,0.539406994
1987-02-01,100919.0,108049.0,61.1,0.8471902755158577,8204.0,5302.0,2271.0,2683.0,13673.0,22.2,4845.044941593744,0.57380801
1987-03-01,101164.0,108194.0,61.2,0.848193175148822,8089.0,5153.0,2179.0,2602.0,13745.0,22.5,5049.517181600203,0.598193844
1987-04-01,101499.0,108548.0,61.3,0.8505312730441777,8072.0,5071.0,2138.0,2639.0,13816.0,22.0,5008.186423590885,0.618536197
1987-05-01,101728.0,109089.0,61.6,0.8476768215452303,8122.0,5108.0,2161.0,2607.0,14005.0,22.2,5147.321980632758,0.632954846
1987-06-01,101900.0,109030.0,61.4,0.8516933569589783,8266.0,4949.0,2162.0,2456.0,14471.0,21.8,5131.709478125005,0.646120573
1987-07-01,102247.0,109399.0,61.6,0.8527547497122651,8239.0,5194.0,2235.0,2647.0,13882.0,22.3,5142.77548264973,0.659053385
1987-08-01,102420.0,109945.0,61.8,0.8512442028624146,8233.0,5056.0,2279.0,2489.0,14085.0,22.3,5383.058789465046,0.690538493
1987-09-01,102647.0,109720.0,61.6,0.8553132629508962,8208.0,5034.0,2104.0,2603.0,13900.0,21.5,5347.136241762005,0.701351732
1987-10-01,103138.0,110063.0,61.8,0.8558530898107195,8283.0,5180.0,2250.0,2586.0,14089.0,22.3,5413.883535631104,0.697799917
1987-11-01,103372.0,110360.0,61.9,0.8575742492118799,8190.0,5250.0,2256.0,2627.0,14054.0,21.8,5482.131475835963,0.725799574
1987-12-01,103661.0,110580.0,62.0,0.8586255166529997,8300.0,5028.0,2130.0,2530.0,14180.0,22.0,5245.206832739724,0.7044406
1988-01-01,103753.0,110769.0,62.0,0.8576825467681802,8210.0,5072.0,2214.0,2536.0,14133.0,22.1,5121.44750516471,0.686034805
1988-02-01,104214.0,111026.0,62.1,0.8601637558189442,8373.0,5051.0,2260.0,2449.0,14187.0,22.1,5196.561411618746,0.698513494
1988-03-01,104489.0,110868.0,61.9,0.864166797614814,8367.0,5042.0,2248.0,2459.0,14167.0,22.7,5320.263058833289,0.720767888
1988-04-01,104732.0,111426.0,62.2,0.8637619483550651,8549.0,4894.0,2093.0,2375.0,14374.0,22.5,5290.302243321769,0.746553553
1988-05-01,104962.0,111171.0,62.0,0.8669458416961948,8876.0,4694.0,2161.0,2244.0,14357.0,22.4,5394.364949266048,0.741259773
1988-06-01,105326.0,111816.0,62.3,0.8670733414009698,8543.0,5039.0,2182.0,2479.0,14271.0,21.9,5255.073169573557,0.747784907
1988-07-01,105550.0,112000.0,62.3,0.8675461307689146,8559.0,5237.0,2307.0,2605.0,14516.0,22.2,5353.351625159844,0.754882665
1988-08-01,105674.0,112163.0,62.4,0.8652937563971341,8543.0,5027.0,2201.0,2464.0,14515.0,22.2,5373.591971583001,0.731404355
1988-09-01,106013.0,112191.0,62.4,0.869244014430961,8580.0,4845.0,2113.0,2272.0,14716.0,22.0,5140.855719602848,0.725015142
1988-10-01,106276.0,112407.0,62.5,0.8696463348771746,8373.0,4777.0,2098.0,2348.0,14708.0,22.6,5422.342217929816,0.769031669
1988-11-01,106617.0,112859.0,62.7,0.8693705814721495,8655.0,4780.0,2109.0,2273.0,15037.0,21.8,5260.083708909902,0.749426342
1988-12-01,106898.0,112910.0,62.6,0.8717685244083443,8586.0,5088.0,2414.0,2335.0,14889.0,22.2,5372.790344317827,0.76772016
1989-01-01,107161.0,113421.0,62.9,0.8684739444039226,8686.0,4777.0,2160.0,2246.0,15035.0,22.2,5223.945040979703,0.728225082
1989-02-01,107427.0,113542.0,62.9,0.8724326958216592,8570.0,4632.0,2100.0,2224.0,14755.0,21.9,5213.149141916165,0.763642082
1989-03-01,107621.0,113824.0,62.9,0.8733556769214539,8588.0,4635.0,2025.0,2275.0,15128.0,22.5,5080.353019707851,0.762610798
1989-04-01,107791.0,113935.0,62.9,0.8723424918059322,8649.0,4846.0,2195.0,2299.0,15020.0,22.2,5345.575693350426,0.769789734
1989-05-01,107913.0,113974.0,62.9,0.873973468098547,8570.0,4645.0,2123.0,2264.0,15047.0,22.3,5113.363752869379,0.747137255
1989-06-01,108027.0,114350.0,63.0,0.8712206137344247,8574.0,4776.0,2186.0,2263.0,14874.0,22.2,4905.701274581599,0.694693629
1989-07-01,108069.0,114245.0,63.0,0.8717561931804432,8622.0,4673.0,2160.0,2164.0,15064.0,22.4,4996.268136003453,0.716551193
1989-08-01,108120.0,114371.0,63.1,0.8707697759451057,8669.0,4645.0,2184.0,2089.0,14998.0,22.3,4958.3775713214345,0.70926125
1989-09-01,108369.0,114135.0,62.8,0.874338410895243,8563.0,4584.0,2170.0,2035.0,14979.0,22.3,4926.5979348594265,0.696358118
1989-10-01,108476.0,114366.0,62.9,0.8733203983544131,8568.0,4520.0,2209.0,2001.0,14908.0,22.5,5052.029660686526,0.709803922
1989-11-01,108752.0,114780.0,63.0,0.8725498848656499,8530.0,4572.0,2153.0,2082.0,14811.0,22.6,4861.973584682591,0.673457249
1989-12-01,108836.0,114642.0,63.0,0.8742058041559234,8656.0,4600.0,2132.0,2075.0,14953.0,22.2,5017.628837739253,0.701064947
1990-01-01,109188.0,115871.0,63.2,0.8677215038980236,8767.0,4621.0,2221.0,2110.0,15011.0,22.7,4955.155717558051,0.683501185
1990-02-01,109432.0,115871.0,63.2,0.870511494710047,8662.0,4587.0,2156.0,2118.0,15142.0,22.6,4741.144004656424,0.663960307
1990-03-01,109636.0,115943.0,63.2,0.8715034061732418,8721.0,4627.0,2221.0,2065.0,15187.0,22.8,4721.318337497881,0.666565626
1990-04-01,109670.0,115621.0,63.0,0.8728282755931205,8705.0,4728.0,2279.0,2115.0,15006.0,22.7,4645.924895536112,0.636604384
1990-05-01,109833.0,115885.0,63.1,0.8724313504325102,8718.0,4782.0,2308.0,2078.0,15369.0,22.7,4538.573225717673,0.626965292
1990-06-01,109857.0,115738.0,62.9,0.8748457072778384,8688.0,5009.0,2332.0,2365.0,14502.0,22.3,4480.605745978672,0.63323217
1990-07-01,109823.0,115618.0,62.8,0.8734689657366462,8692.0,5039.0,2453.0,2222.0,14816.0,22.7,4486.279069970378,0.603727247
1990-08-01,109609.0,115605.0,62.7,0.8699817445829034,8693.0,5108.0,2444.0,2188.0,14795.0,22.3,4309.1435009288225,0.558430718
1990-09-01,109521.0,115318.0,62.5,0.8699599656848728,8698.0,5097.0,2492.0,2275.0,14810.0,22.6,4142.8698321825,0.523751357
1990-10-01,109373.0,115266.0,62.5,0.8680741299257907,8761.0,5201.0,2568.0,2297.0,14791.0,22.5,3936.617040643445,0.491620861
1990-11-01,109220.0,115117.0,62.3,0.8663440945506464,8704.0,5243.0,2695.0,2244.0,14749.0,22.7,3659.270865285216,0.438948995
1990-12-01,109172.0,114996.0,62.2,0.8654690745350478,8834.0,5414.0,2801.0,2299.0,14736.0,22.4,3661.360716179961,0.431590938
1991-01-01,109050.0,114732.0,62.0,0.8657853995474575,8796.0,5150.0,2733.0,2124.0,14803.0,22.3,3399.784743611948,0.395134124
1991-02-01,108731.0,114485.0,61.9,0.8628074908744644,8825.0,5695.0,3008.0,2332.0,14773.0,22.9,3285.0481574803725,0.370235935
1991-03-01,108568.0,114475.0,61.8,0.8600262995294602,8832.0,5784.0,3070.0,2398.0,14771.0,22.9,3220.7153599619273,0.34940601
1991-04-01,108351.0,114868.0,62.0,0.8562047602490754,9222.0,5999.0,3226.0,2429.0,14886.0,22.4,3205.228573788515,0.353833393
1991-05-01,108249.0,114165.0,61.6,0.8579206822216586,8677.0,5780.0,2979.0,2487.0,14735.0,22.7,3195.806496557351,0.34077381
1991-06-01,108337.0,114339.0,61.7,0.857564651589871,8880.0,5759.0,2996.0,2481.0,14936.0,22.1,3246.4437822561404,0.347906121
1991-07-01,108290.0,114249.0,61.6,0.8583952946398846,8809.0,5856.0,2987.0,2560.0,14710.0,22.4,3125.280314370898,0.339040298
1991-08-01,108301.0,114171.0,61.5,0.8585097106619104,8840.0,5896.0,3007.0,2620.0,14527.0,22.5,3078.5367242112875,0.330833141
1991-09-01,108334.0,114609.0,61.6,0.8553809711804184,8880.0,6123.0,3191.0,2583.0,14650.0,22.5,3114.1533002952287,0.3326072
1991-10-01,108361.0,114511.0,61.5,0.8556482051767976,8905.0,6134.0,3338.0,2580.0,14624.0,22.8,2973.477345723887,0.313277539
1991-11-01,108301.0,114474.0,61.4,0.8547762053969582,8855.0,6209.0,3153.0,2721.0,14558.0,22.4,3021.7108605445696,0.315194267
1991-12-01,108333.0,114320.0,61.2,0.8552785321796248,8730.0,6220.0,3087.0,2770.0,14511.0,22.5,3044.2457169305344,0.308327897
1992-01-01,108367.0,114823.0,61.5,0.8515334627262083,8510.0,6320.0,3094.0,2953.0,14540.0,22.3,2893.9005056871197,0.290423355
1992-02-01,108313.0,114514.0,61.3,0.8514704379475972,8573.0,6278.0,3119.0,2830.0,14191.0,22.2,3010.260866148531,0.296594034
1992-03-01,108360.0,114908.0,61.5,0.8491896805742767,8584.0,6223.0,3080.0,2873.0,14323.0,22.2,3161.2019375920227,0.311205074
1992-04-01,108515.0,115181.0,61.6,0.8488278408335354,8500.0,6143.0,2969.0,2788.0,14762.0,22.5,3048.8988889028365,0.301646309
1992-05-01,108648.0,115162.0,61.5,0.8480241025921214,8466.0,6242.0,3143.0,2779.0,14445.0,22.7,3150.2740361667934,0.301108374
1992-06-01,108717.0,115122.0,61.5,0.84631672362388,8505.0,6160.0,3151.0,2712.0,14641.0,22.4,3111.135920712787,0.288645418
1992-07-01,108799.0,115428.0,61.6,0.8462699221393403,8585.0,6224.0,3198.0,2745.0,14521.0,22.4,3089.886330020687,0.292182741
1992-08-01,108922.0,115547.0,61.6,0.8468972809902576,8600.0,6239.0,3147.0,2856.0,14606.0,22.4,3162.4208323005946,0.301011546
1992-09-01,108955.0,115446.0,61.4,0.8478922343016786,8649.0,6168.0,3015.0,2864.0,14502.0,21.8,3064.639326373413,0.291892445
1992-10-01,109135.0,115374.0,61.3,0.8524440348054302,8590.0,6310.0,3073.0,2975.0,14488.0,22.5,3124.318213665274,0.309640349
1992-11-01,109279.0,115669.0,61.4,0.8508108781463862,8703.0,6373.0,3039.0,3051.0,14521.0,22.3,3229.4289878931722,0.314479875
1992-12-01,109502.0,115738.0,61.4,0.8517976881310577,8695.0,6221.0,3077.0,2882.0,14583.0,22.3,3232.270179379005,0.315057026
1993-01-01,109794.0,115853.0,61.4,0.8550934579439252,8798.0,5930.0,2857.0,2861.0,14517.0,22.0,3157.1834485424984,0.31538874
1993-02-01,110044.0,116150.0,61.4,0.8566535365644802,8892.0,6431.0,3068.0,2999.0,14528.0,22.2,3277.3543125682395,0.332462158
1993-03-01,109992.0,116423.0,61.5,0.8553165679092988,8761.0,6053.0,3010.0,2776.0,14709.0,22.2,3257.151311218317,0.335026502
1993-04-01,110295.0,116400.0,61.5,0.8577661295340011,8970.0,6325.0,3097.0,2885.0,14601.0,22.8,3256.796716913918,0.333040615
1993-05-01,110570.0,117015.0,61.7,0.8553812353013986,9101.0,6241.0,3012.0,2878.0,14929.0,22.6,3393.5096441956675,0.345502241
1993-06-01,110751.0,117182.0,61.8,0.8558082388668661,9077.0,6367.0,3227.0,2755.0,15070.0,22.3,3301.66824132221,0.337134086
1993-07-01,111060.0,117341.0,61.8,0.8582888320440196,9042.0,6437.0,2987.0,3084.0,14692.0,22.5,3420.923777371838,0.356774916
1993-08-01,111209.0,117830.0,62.0,0.8579683534049792,8987.0,6452.0,3099.0,3043.0,14769.0,22.5,3498.683646399407,0.371904599
1993-09-01,111455.0,117380.0,61.7,0.862201008757001,8923.0,6332.0,3047.0,2994.0,14905.0,22.7,3417.513349253094,0.365274271
1993-10-01,111733.0,117739.0,61.8,0.8623169950529818,8964.0,6143.0,3026.0,2882.0,14986.0,22.4,3593.262341209822,0.382514286
1993-11-01,111989.0,118012.0,61.9,0.863373191171142,9007.0,6022.0,2985.0,2781.0,15007.0,22.5,3621.06989288538,0.394872395
1993-12-01,112323.0,118348.0,62.0,0.8644153885224832,9023.0,6053.0,2992.0,2822.0,15130.0,22.7,3723.583142274772,0.409106995
1994-01-01,112598.0,118664.0,62.2,0.8621856718429355,9000.0,4664.0,2381.0,2051.0,16996.0,22.7,3856.022916851039,0.41622248
1994-02-01,112779.0,118747.0,62.3,0.8630891795299573,9181.0,4437.0,2213.0,1960.0,17019.0,22.1,4018.4763073110666,0.436094606
1994-03-01,113240.0,118576.0,62.1,0.8684049079754601,9058.0,4661.0,2409.0,1988.0,16978.0,22.6,4073.3294937156966,0.447933884
1994-04-01,113587.0,118862.0,62.3,0.8695921788992581,9002.0,4601.0,2257.0,2041.0,16819.0,22.8,4072.868189124886,0.455407514
1994-05-01,113923.0,119455.0,62.5,0.8711108052516077,9098.0,4616.0,2402.0,1939.0,16856.0,22.6,4235.675493341923,0.49842072
1994-06-01,114237.0,119335.0,62.3,0.8749703203866392,8967.0,4613.0,2434.0,1862.0,16755.0,22.6,4127.333562544899,0.48492494
1994-07-01,114607.0,119373.0,62.3,0.8771928481768362,8947.0,4297.0,2296.0,1705.0,17070.0,22.6,4344.935780097235,0.509312862
1994-08-01,114899.0,119891.0,62.6,0.8752542372881356,9075.0,4168.0,2258.0,1633.0,17149.0,23.0,4180.1935895642655,0.490860961
1994-09-01,115254.0,120257.0,62.7,0.8769831305499121,8974.0,4128.0,2277.0,1621.0,16959.0,22.6,4234.288415157402,0.509956038
1994-10-01,115457.0,120622.0,62.9,0.8763738766091814,8861.0,4254.0,2267.0,1744.0,17052.0,22.9,4506.224768864384,0.549921384
1994-11-01,115872.0,120942.0,63.0,0.8785436458894087,8946.0,4268.0,2292.0,1689.0,17277.0,22.3,4451.281595851401,0.562169492
1994-12-01,116174.0,121144.0,63.1,0.8804328879659874,8972.0,4233.0,2256.0,1687.0,17113.0,23.0,4615.086572244784,0.594605809
1995-01-01,116504.0,121144.0,63.0,0.8823520501673761,8977.0,4314.0,2303.0,1748.0,17299.0,22.7,4450.949972687602,0.562169492
1995-02-01,116692.0,121308.0,63.1,0.8832607955190553,8921.0,4155.0,2243.0,1656.0,17352.0,23.0,4460.055624118199,0.577988034
1995-03-01,116907.0,121321.0,63.1,0.8849350531383413,8821.0,4288.0,2256.0,1778.0,17023.0,23.2,4360.247268951528,0.567733818
1995-04-01,117065.0,121379.0,63.1,0.8829097216984689,8835.0,4185.0,2263.0,1659.0,17150.0,22.9,4424.066407736856,0.539045128
1995-05-01,117050.0,121072.0,62.7,0.8877444994728898,8830.0,4326.0,2383.0,1679.0,17052.0,23.1,4106.151771255323,0.514804845
1995-06-01,117285.0,121061.0,62.7,0.888866152831776,8766.0,4283.0,2237.0,1727.0,16885.0,23.1,4170.063591436922,0.522956779
1995-07-01,117377.0,121437.0,62.8,0.886915061620184,9044.0,4253.0,2337.0,1677.0,17370.0,22.8,4399.527843045837,0.544440016
1995-08-01,117639.0,121478.0,62.8,0.8889417845484222,8917.0,4292.0,2423.0,1593.0,17221.0,23.3,4354.839272922077,0.541956173
1995-09-01,117880.0,121848.0,62.9,0.8889157008091335,8978.0,4412.0,2424.0,1676.0,17383.0,23.3,4364.588968343431,0.543594544
1995-10-01,118029.0,121950.0,62.9,0.8893351216130685,8977.0,4287.0,2472.0,1569.0,17140.0,23.1,4430.876390832107,0.563182314
1995-11-01,118168.0,121850.0,62.8,0.891067308127347,8861.0,4326.0,2454.0,1636.0,16841.0,22.7,4275.259717492663,0.536224078
1995-12-01,118325.0,121736.0,62.7,0.8929447366633714,8915.0,4283.0,2430.0,1554.0,16792.0,22.7,4677.797959732437,0.58695945
1996-01-01,118318.0,121642.0,62.7,0.8921849550582132,8888.0,3809.0,2095.0,1514.0,16632.0,22.2,4409.282401902664,0.54825791
1996-02-01,118734.0,122092.0,62.9,0.8930591491666166,8986.0,4197.0,2367.0,1565.0,17005.0,22.8,4308.280859333972,0.548748804
1996-03-01,118990.0,122373.0,63.0,0.893452470340892,9035.0,4203.0,2365.0,1536.0,17131.0,22.9,4432.023710577126,0.564088549
1996-04-01,119156.0,122588.0,63.0,0.8931631299237682,9012.0,4243.0,2392.0,1549.0,17128.0,23.1,4330.703100908442,0.544032367
1996-05-01,119489.0,122771.0,63.0,0.8939304390762117,8889.0,4126.0,2143.0,1668.0,16919.0,22.8,4172.975266486381,0.523642732
1996-06-01,119770.0,123178.0,63.2,0.8958316192584725,8995.0,4156.0,2241.0,1585.0,17273.0,22.7,4581.520096092786,0.601409443
1996-07-01,120015.0,123514.0,63.3,0.8937401328527598,8980.0,4159.0,2411.0,1504.0,17247.0,22.8,4309.218164846716,0.547090091
1996-08-01,120201.0,123777.0,63.3,0.8966610470407448,8921.0,4209.0,2365.0,1581.0,17592.0,22.8,4322.774342276448,0.585004359
1996-09-01,120402.0,124088.0,63.4,0.8950823328253354,8781.0,4190.0,2335.0,1577.0,17314.0,22.8,4563.814438697657,0.609113053
1996-10-01,120663.0,124427.0,63.5,0.8943233447721259,8977.0,4184.0,2179.0,1698.0,17157.0,22.9,4347.575452117891,0.576020481
1996-11-01,120949.0,124415.0,63.4,0.8958720658928796,9034.0,3879.0,2035.0,1551.0,17499.0,22.7,4706.414476204367,0.605859591
1996-12-01,121145.0,124415.0,63.4,0.8966198663341055,9164.0,4191.0,2252.0,1613.0,17217.0,22.9,4663.518085903591,0.598924583
1997-01-01,121363.0,124849.0,63.4,0.8959588353413654,9386.0,3996.0,2220.0,1525.0,17539.0,22.3,4620.109653859134,0.601145571
1997-02-01,121675.0,124945.0,63.4,0.8986336779911374,9191.0,4050.0,2286.0,1479.0,17459.0,23.3,4810.02295349058,0.630808223
1997-03-01,121989.0,125472.0,63.6,0.8976974192551384,9297.0,3907.0,2207.0,1434.0,17564.0,22.8,4766.713794624562,0.634285714
1997-04-01,122284.0,125681.0,63.7,0.8990412892600871,9097.0,4218.0,2300.0,1607.0,17623.0,23.3,4724.301817740647,0.640186236
1997-05-01,122551.0,126027.0,63.8,0.9003225119197173,9113.0,3820.0,2177.0,1361.0,17649.0,23.1,4447.344802611494,0.622389181
1997-06-01,122816.0,126003.0,63.7,0.901659924675687,9077.0,3768.0,2155.0,1321.0,17662.0,22.8,4875.461756764763,0.667892337
1997-07-01,123112.0,126400.0,63.9,0.9020714113000725,8887.0,3880.0,2091.0,1504.0,17438.0,23.0,4715.032426833152,0.659954921
1997-08-01,123092.0,126651.0,63.9,0.9009940125020129,8945.0,3884.0,2093.0,1485.0,17439.0,23.3,4791.820195543268,0.675393463
1997-09-01,123577.0,126627.0,63.9,0.9041668190963965,8872.0,3817.0,2078.0,1439.0,17322.0,23.2,5048.73145307352,0.706580529
1997-10-01,123924.0,126867.0,63.9,0.9069844034750024,8875.0,3801.0,2117.0,1412.0,17577.0,23.3,4948.436317113851,0.714130772
1997-11-01,124229.0,127267.0,64.1,0.9070392301458079,9019.0,3771.0,2135.0,1369.0,17515.0,23.2,5268.425324316802,0.777901078
1997-12-01,124551.0,127274.0,64.0,0.9081039699609931,8931.0,3661.0,2126.0,1282.0,17816.0,23.1,4925.79981559055,0.708462014
1998-01-01,124813.0,127389.0,64.0,0.9104124876910171,8963.0,3730.0,2087.0,1360.0,17868.0,22.9,5128.456347216664,0.750157035
1998-02-01,125019.0,127522.0,64.0,0.9118020304568528,8888.0,3700.0,2049.0,1371.0,17808.0,23.0,5271.848346099343,0.778623533
1998-03-01,125164.0,127650.0,64.0,0.9120347430703314,8904.0,3674.0,2047.0,1369.0,17923.0,23.2,5232.5078548207175,0.758953597
1998-04-01,125447.0,127852.0,64.1,0.9146700692672257,9033.0,3629.0,2027.0,1277.0,17621.0,23.2,5255.283343906594,0.823935364
1998-05-01,125847.0,127959.0,64.1,0.9161037183705558,9043.0,3584.0,2029.0,1272.0,18028.0,23.0,5277.824940086237,0.812965107
1998-06-01,126078.0,127874.0,64.0,0.9172310938125204,8941.0,3604.0,2090.0,1226.0,18097.0,22.5,5176.928554470953,0.776239536
1998-07-01,126208.0,127913.0,64.0,0.917289298485333,9038.0,3650.0,2227.0,1201.0,17916.0,23.2,5199.720020818557,0.773765777
1998-08-01,126547.0,127970.0,63.9,0.9198735189358145,8907.0,3373.0,1942.0,1174.0,17786.0,22.5,5286.712512624005,0.796892701
1998-09-01,126745.0,128399.0,64.2,0.9165425278046946,9042.0,3230.0,1797.0,1124.0,18205.0,22.5,5058.490518431031,0.747936508
1998-10-01,126950.0,128389.0,64.1,0.9180714352866306,8991.0,3280.0,1924.0,1099.0,18095.0,23.4,5019.564605798545,0.744426752
1998-11-01,127224.0,128897.0,64.2,0.9193747696576842,8928.0,3213.0,1834.0,1135.0,18141.0,23.2,5297.287813781915,0.808852459
1998-12-01,127599.0,129320.0,64.3,0.9204019216065323,8837.0,3256.0,1853.0,1106.0,18078.0,23.4,5195.438384638213,0.802221485
1999-01-01,127704.0,129802.0,64.4,0.9187139845902607,8826.0,3289.0,1929.0,1089.0,17979.0,22.5,5541.320535315966,0.863621151
1999-02-01,128118.0,129647.0,64.2,0.9219311059460159,8747.0,3274.0,1917.0,1082.0,18033.0,23.2,5634.685768702579,0.858779251
1999-03-01,128234.0,129656.0,64.2,0.9243422475311757,8757.0,3354.0,1939.0,1154.0,18066.0,23.3,5405.343529533316,0.870655369
1999-04-01,128598.0,129615.0,64.2,0.9254384386761563,8788.0,3253.0,1860.0,1090.0,18249.0,23.2,5368.406215323082,0.832778148
1999-05-01,128810.0,129937.0,64.3,0.925977844393165,8740.0,3224.0,1834.0,1104.0,18228.0,23.6,5462.205273353446,0.877846791
1999-06-01,129088.0,129982.0,64.2,0.9264977140437382,8817.0,3230.0,1936.0,1026.0,18220.0,23.1,5228.861957937051,0.818349857
1999-07-01,129422.0,130146.0,64.2,0.928162135414052,8810.0,3180.0,1887.0,1047.0,18427.0,22.9,5323.699367756145,0.823070539
1999-08-01,129569.0,130366.0,64.2,0.9292763393817687,9007.0,3143.0,1805.0,1067.0,18428.0,22.8,5354.024235592944,0.854230901
1999-09-01,129781.0,130434.0,64.2,0.9295168383206085,8767.0,3120.0,1772.0,1057.0,18316.0,23.4,5184.733789284484,0.816398986
1999-10-01,130179.0,130758.0,64.3,0.9313734608752888,8852.0,2954.0,1765.0,927.0,18273.0,23.5,5415.855109355321,0.873139495
1999-11-01,130466.0,130989.0,64.4,0.9317336189966078,8675.0,3073.0,1797.0,1008.0,18128.0,23.3,5379.970025198549,0.876662001
1999-12-01,130780.0,131257.0,64.4,0.932963324939184,8660.0,3137.0,1847.0,1016.0,17928.0,23.2,5480.38070229832,0.903060322
2000-01-01,131009.0,133863.0,64.6,0.9208671019983552,9275.0,3105.0,1851.0,981.0,18595.0,22.6,5782.555826076417,0.943587947
2000-02-01,131120.0,133912.0,64.6,0.9204245521424159,9291.0,3058.0,1792.0,994.0,18547.0,22.4,5887.574921926892,0.936155685
2000-03-01,131605.0,134022.0,64.6,0.9239718044848843,9294.0,3117.0,1822.0,973.0,18483.0,22.9,5786.519966691966,0.94017094
2000-04-01,131884.0,134806.0,64.7,0.92387443870796,9355.0,3089.0,1835.0,996.0,18318.0,23.8,5823.214298607212,0.989600438
2000-05-01,132106.0,134144.0,64.4,0.9277888586116808,9294.0,3169.0,1897.0,984.0,18248.0,23.1,5442.141633283591,0.880340396
2000-06-01,132060.0,134528.0,64.5,0.9261454088967747,9250.0,3122.0,1835.0,1002.0,18162.0,22.1,5337.720026495496,0.879844275
2000-07-01,132226.0,134196.0,64.2,0.9293495832103347,9169.0,3051.0,1853.0,912.0,18203.0,22.2,5445.723987989189,0.882547416
2000-08-01,132231.0,134311.0,64.2,0.9278456853361775,9190.0,3122.0,1956.0,884.0,18176.0,22.7,5126.606556121136,0.815820947
2000-09-01,132356.0,134489.0,64.2,0.9286967260275895,9335.0,3121.0,2010.0,812.0,18252.0,22.3,5306.041452548698,0.878577778
2000-10-01,132352.0,134808.0,64.2,0.9279914739661482,9017.0,3057.0,1807.0,914.0,18506.0,22.6,5271.738772121161,0.887242501
2000-11-01,132553.0,134921.0,64.3,0.9271904422154139,8890.0,3385.0,2169.0,869.0,18616.0,23.2,5091.642011130054,0.841106579
2000-12-01,132718.0,135194.0,64.4,0.9264911202948732,9063.0,3172.0,1936.0,903.0,18699.0,22.5,5088.0,0.903088392
2001-01-01,132698.0,135304.0,64.4,0.9227955493741308,9124.0,3238.0,2018.0,922.0,18508.0,22.7,5234.0,0.869002158
2001-02-01,132785.0,135291.0,64.3,0.924036715123764,9217.0,3215.0,2040.0,904.0,18824.0,22.2,5097.0,0.837083265
2001-03-01,132753.0,135372.0,64.3,0.9223826463967094,9382.0,3173.0,1908.0,924.0,18512.0,22.9,4762.0,0.775443739
2001-04-01,132456.0,135036.0,64.0,0.922594710557293,9169.0,3206.0,2086.0,882.0,18403.0,22.8,4615.0,0.735927284
2001-05-01,132412.0,134735.0,63.8,0.9239034873498095,9161.0,3336.0,2170.0,928.0,18366.0,22.6,4425.0,0.7107292
2001-06-01,132296.0,134755.0,63.7,0.9228429724394345,9324.0,3700.0,2308.0,1046.0,18246.0,22.6,4361.0,0.672578655
2001-07-01,132171.0,134858.0,63.7,0.920064878109903,9187.0,3465.0,2142.0,1011.0,18356.0,22.7,4447.0,0.675527875
2001-08-01,132024.0,133944.0,63.2,0.9214148125401301,9032.0,3340.0,2083.0,958.0,18431.0,22.2,4024.0,0.571428571
2001-09-01,131765.0,134558.0,63.5,0.915104626047823,9069.0,4157.0,2837.0,1029.0,18416.0,22.4,4071.0,0.570008401
2001-10-01,131452.0,134098.0,63.2,0.9123162555695904,8991.0,4327.0,2936.0,1089.0,18397.0,23.0,3707.0,0.481804003
2001-11-01,131142.0,133955.0,63.0,0.9091930116472545,8856.0,4206.0,2837.0,1101.0,18334.0,22.5,3775.0,0.471698113
2001-12-01,130985.0,133751.0,62.9,0.9076955060462215,8926.0,4339.0,2867.0,1180.0,18401.0,22.4,3677.0,0.445265197
2002-01-01,130852.0,133233.0,62.7,0.9094333590486715,8575.0,4008.0,2610.0,1063.0,18208.0,21.8,3699.0,0.452089954
2002-02-01,130732.0,134127.0,63.0,0.9037627978680014,8683.0,4173.0,2740.0,1109.0,18356.0,21.7,3436.0,0.418259282
2002-03-01,130721.0,133816.0,62.8,0.9047625639357424,8682.0,4026.0,2671.0,1067.0,18415.0,22.1,3612.0,0.434971098
2002-04-01,130617.0,133833.0,62.7,0.9025185697011574,8806.0,4134.0,2688.0,1123.0,18629.0,22.3,3471.0,0.403651587
2002-05-01,130633.0,134278.0,62.9,0.9013026259504063,8890.0,3987.0,2615.0,1082.0,18595.0,22.2,3457.0,0.411596619
2002-06-01,130683.0,134135.0,62.7,0.9024570465720126,8872.0,3953.0,2634.0,1090.0,18726.0,22.3,3412.0,0.406529251
2002-07-01,130583.0,134107.0,62.7,0.9017976146903034,8926.0,4024.0,2704.0,1088.0,18667.0,21.9,3367.0,0.401311085
2002-08-01,130587.0,134593.0,62.7,0.9005441041590522,8949.0,4181.0,2822.0,1153.0,18562.0,22.5,3517.0,0.423530829
2002-09-01,130498.0,135102.0,63.0,0.8965730460591403,9090.0,4224.0,2724.0,1171.0,18568.0,22.8,3301.0,0.400072719
2002-10-01,130621.0,134580.0,62.7,0.8988879254579738,9065.0,4233.0,2832.0,1127.0,18347.0,22.8,3479.0,0.418803419
2002-11-01,130618.0,134171.0,62.5,0.9005591522397115,9246.0,4265.0,2795.0,1166.0,18338.0,22.1,3514.0,0.412441315
2002-12-01,130470.0,134071.0,62.4,0.8993837287855183,9274.0,4254.0,2865.0,1138.0,18344.0,21.6,3169.0,0.366782407
2003-01-01,130579.0,135045.0,62.5,0.8947628086091943,9306.0,4483.0,2949.0,1241.0,18888.0,22.6,3441.0,0.403873239
2003-02-01,130443.0,135306.0,62.5,0.8928336755646817,9199.0,4718.0,3081.0,1254.0,18390.0,23.0,3229.0,0.3746809
2003-03-01,130233.0,135232.0,62.4,0.891872457574886,9186.0,4548.0,3037.0,1196.0,18627.0,23.0,3099.0,0.360852352
2003-04-01,130176.0,135561.0,62.4,0.8887311058617912,9230.0,4706.0,3155.0,1240.0,18642.0,23.0,3108.0,0.351504185
2003-05-01,130197.0,135370.0,62.3,0.888716723549488,9101.0,4453.0,2999.0,1224.0,18580.0,23.4,3289.0,0.367198839
2003-06-01,130192.0,135419.0,62.3,0.8853225981938854,9305.0,4475.0,3076.0,1232.0,18774.0,22.5,3390.0,0.365853659
2003-07-01,130183.0,135242.0,62.1,0.8887121548281394,9310.0,4561.0,3109.0,1241.0,18539.0,22.9,2981.0,0.330817889
2003-08-01,130153.0,135200.0,62.1,0.8887500426781385,9494.0,4334.0,2956.0,1189.0,18970.0,23.2,3190.0,0.35858813
2003-09-01,130252.0,135355.0,62.0,0.8889101207943766,9449.0,4754.0,3056.0,1362.0,18675.0,23.3,3091.0,0.34648582
2003-10-01,130439.0,135571.0,62.1,0.8890577714768668,9438.0,4700.0,2922.0,1368.0,18549.0,23.4,3305.0,0.3784929
2003-11-01,130482.0,136003.0,62.3,0.8876326530612245,9589.0,4772.0,3110.0,1376.0,18772.0,23.0,3324.0,0.387593284
2003-12-01,130595.0,136145.0,62.2,0.8900421866161426,9537.0,4673.0,3148.0,1258.0,18408.0,23.2,3414.0,0.41048455
2004-01-01,130765.0,136228.0,62.3,0.8905149752795521,9503.0,4596.0,2857.0,1439.0,18761.0,22.7,3424.0,0.409080048
2004-02-01,130822.0,136362.0,62.3,0.8917108016549768,9416.0,4436.0,2825.0,1365.0,18725.0,22.6,3532.0,0.432472144
2004-03-01,131139.0,136302.0,62.2,0.892442018728223,9155.0,4636.0,2943.0,1424.0,18819.0,23.2,3525.0,0.415145448
2004-04-01,131410.0,136474.0,62.3,0.8948586993530814,9225.0,4479.0,2790.0,1431.0,18842.0,23.1,3511.0,0.429742962
2004-05-01,131694.0,136556.0,62.3,0.8954815897732296,9337.0,4524.0,2749.0,1469.0,19189.0,23.0,3710.0,0.451777886
2004-06-01,131789.0,136748.0,62.4,0.8937271124372711,9342.0,4373.0,2750.0,1356.0,19162.0,23.1,3337.0,0.402727492
2004-07-01,131849.0,137354.0,62.5,0.8927294640197168,9521.0,4356.0,2606.0,1455.0,19308.0,22.7,3814.0,0.468780728
2004-08-01,131936.0,137230.0,62.4,0.8940934103168795,9666.0,4347.0,2671.0,1373.0,19219.0,23.0,3541.0,0.443178974
2004-09-01,132082.0,137323.0,62.3,0.8959875182308449,9523.0,4406.0,2725.0,1318.0,19067.0,23.2,3821.0,0.482023464
2004-10-01,132433.0,137598.0,62.3,0.8960708558592085,9722.0,4715.0,2983.0,1355.0,19286.0,23.3,3943.0,0.489145267
2004-11-01,132509.0,137978.0,62.5,0.8943521280760249,9629.0,4416.0,2663.0,1419.0,19112.0,22.9,3472.0,0.437720625
2004-12-01,132633.0,137947.0,62.4,0.8958118047535104,9582.0,4339.0,2678.0,1376.0,19133.0,23.0,4074.0,0.513486262
2005-01-01,132778.0,138111.0,62.4,0.8969728904471421,9597.0,4284.0,2650.0,1337.0,18681.0,22.5,3804.0,0.488694759
2005-02-01,133033.0,138267.0,62.4,0.8966663071904235,9662.0,4153.0,2578.0,1261.0,19239.0,22.8,3965.0,0.496867168
2005-03-01,133153.0,138462.0,62.4,0.8973118315800823,9696.0,4317.0,2642.0,1416.0,19201.0,23.0,4044.0,0.522683211
2005-04-01,133516.0,138992.0,62.7,0.8965257913326081,9896.0,4172.0,2562.0,1346.0,19225.0,23.3,4159.0,0.542101147
2005-05-01,133687.0,139379.0,62.8,0.8956592813929961,9610.0,4239.0,2643.0,1332.0,19119.0,23.0,3797.0,0.496274997
2005-06-01,133940.0,139276.0,62.7,0.8974925957195888,9367.0,4361.0,2602.0,1394.0,18468.0,23.2,4062.0,0.539872408
2005-07-01,134297.0,139789.0,62.8,0.8987164730445956,9462.0,4350.0,2728.0,1347.0,19152.0,23.0,4256.0,0.574669187
2005-08-01,134495.0,140277.0,62.9,0.8979563223148772,9214.0,4429.0,2707.0,1419.0,19213.0,22.8,4142.0,0.563921035
2005-09-01,134551.0,140276.0,62.8,0.8972818330954826,9359.0,4598.0,2872.0,1374.0,19234.0,23.3,4352.0,0.576194889
2005-10-01,134644.0,140435.0,62.8,0.8976206825287831,9437.0,4202.0,2607.0,1274.0,19419.0,22.9,4184.0,0.561384677
2005-11-01,135001.0,140299.0,62.7,0.8996168327058275,9386.0,4138.0,2568.0,1248.0,19264.0,23.0,4248.0,0.561459159
2005-12-01,135161.0,140635.0,62.8,0.9008931547023928,9487.0,4021.0,2498.0,1202.0,19209.0,22.9,4282.0,0.588267619
2006-01-01,135425.0,140933.0,62.9,0.9015471261000972,9744.0,4042.0,2577.0,1216.0,19319.0,23.0,4397.0,0.622451869
2006-02-01,135731.0,141254.0,63.0,0.9010229618762489,9727.0,4080.0,2584.0,1207.0,19218.0,22.9,4325.0,0.602032294
2006-03-01,136040.0,141604.0,63.1,0.9020442534794746,9683.0,3869.0,2430.0,1145.0,19001.0,23.1,4732.0,0.669117647
2006-04-01,136211.0,141388.0,63.0,0.902771057986095,9619.0,3818.0,2401.0,1147.0,19091.0,22.8,4790.0,0.672752809
2006-05-01,136247.0,141859.0,63.1,0.90188589320112,9617.0,4010.0,2571.0,1139.0,19483.0,23.2,4463.0,0.639398281
2006-06-01,136328.0,142019.0,63.1,0.9007228087794178,9564.0,4214.0,2674.0,1182.0,19102.0,23.0,4614.0,0.659048707
2006-07-01,136522.0,142066.0,63.0,0.9018675228072957,9541.0,4192.0,2630.0,1202.0,19096.0,22.8,4394.0,0.612404181
2006-08-01,136688.0,142440.0,63.1,0.9009465053125577,9578.0,4114.0,2630.0,1182.0,19141.0,23.1,4710.0,0.664222254
2006-09-01,136824.0,142661.0,63.1,0.9021640226292678,9651.0,4002.0,2559.0,1165.0,19226.0,23.3,4737.0,0.691835841
2006-10-01,136848.0,143222.0,63.3,0.9000730066232134,9795.0,4305.0,2825.0,1199.0,19289.0,23.6,4591.0,0.682473614
2006-11-01,137069.0,143350.0,63.3,0.8993674789706442,9782.0,4089.0,2669.0,1142.0,19509.0,23.1,4645.0,0.675931316
2006-12-01,137253.0,143716.0,63.4,0.8986525417070425,9973.0,4113.0,2623.0,1211.0,19573.0,23.4,4620.0,0.683229814
2007-01-01,137476.0,143785.0,63.3,0.897691062007,9672.0,4186.0,2693.0,1186.0,19463.0,22.8,4763.0,0.669336706
2007-02-01,137554.0,143741.0,63.3,0.8991456567069543,9575.0,4096.0,2646.0,1189.0,19676.0,23.0,4699.0,0.67836004
2007-03-01,137781.0,144153.0,63.3,0.9002293353195994,9761.0,4178.0,2735.0,1149.0,19751.0,23.0,4962.0,0.737186154
2007-04-01,137843.0,143385.0,63.0,0.9042739528323548,9663.0,4240.0,2797.0,1204.0,19500.0,23.0,4689.0,0.684525547
2007-05-01,137993.0,143773.0,63.0,0.903864544442261,9641.0,4395.0,2885.0,1247.0,19401.0,23.3,4657.0,0.688294413
2007-06-01,138072.0,144112.0,63.0,0.9021896093203782,9775.0,4258.0,2737.0,1199.0,19687.0,23.1,4859.0,0.696231552
2007-07-01,138042.0,144041.0,62.9,0.9019169704810067,9662.0,4335.0,2723.0,1266.0,19496.0,22.9,4598.0,0.643166877
2007-08-01,138017.0,143865.0,62.7,0.9035541967541523,9512.0,4514.0,2931.0,1170.0,19301.0,23.1,4546.0,0.643271544
2007-09-01,138103.0,144148.0,62.9,0.900198156621951,9510.0,4437.0,2966.0,1159.0,19373.0,23.2,4652.0,0.648814505
2007-10-01,138174.0,143926.0,62.7,0.9020191535614265,9365.0,4213.0,2748.0,1216.0,19133.0,23.2,4636.0,0.640596932
2007-11-01,138292.0,144413.0,62.9,0.8989631748301752,9309.0,4430.0,2976.0,1191.0,19251.0,23.5,4646.0,0.641712707
2007-12-01,138398.0,144018.0,62.7,0.8991670889694513,9256.0,4525.0,3090.0,1198.0,19229.0,23.2,4545.0,0.594506213
2008-01-01,138399.0,144168.0,62.9,0.8983273076598535,9290.0,4755.0,3257.0,1143.0,19235.0,23.0,4624.0,0.601691607
2008-02-01,138323.0,143943.0,62.8,0.9002297384366071,9392.0,4805.0,3234.0,1227.0,19047.0,22.6,4279.0,0.570761638
2008-03-01,138255.0,143871.0,62.7,0.898296384853289,9238.0,4795.0,3242.0,1292.0,19105.0,23.0,4225.0,0.540143186
2008-04-01,138038.0,143874.0,62.7,0.8976971951433644,9340.0,5130.0,3518.0,1303.0,19461.0,23.1,4035.0,0.528348828
2008-05-01,137847.0,143737.0,62.5,0.8933526891894519,9342.0,5221.0,3595.0,1290.0,19091.0,23.3,4194.0,0.499583085
2008-06-01,137689.0,143629.0,62.4,0.892270903941988,9387.0,5440.0,3845.0,1382.0,19153.0,23.2,3830.0,0.44664723
2008-07-01,137492.0,143519.0,62.2,0.890094452608614,9583.0,5795.0,4227.0,1370.0,18872.0,22.8,3749.0,0.419492
2008-08-01,137209.0,143086.0,62.0,0.8872743968287841,9321.0,5766.0,4111.0,1380.0,19129.0,23.0,3674.0,0.389277389
2008-09-01,136758.0,142796.0,61.9,0.8847641845118717,9163.0,6071.0,4207.0,1543.0,18907.0,23.0,3222.0,0.339372235
2008-10-01,136294.0,142689.0,61.7,0.8800201451483768,8908.0,6553.0,4771.0,1503.0,18741.0,23.2,3377.0,0.335219377
2008-11-01,135546.0,141962.0,61.4,0.8765317934026992,8766.0,7183.0,5327.0,1548.0,18645.0,22.9,3231.0,0.306604669
2008-12-01,134849.0,141139.0,61.0,0.8719343053894152,8886.0,7918.0,5921.0,1586.0,18638.0,22.7,3146.0,0.278752437
2009-01-01,134069.0,140029.0,60.6,0.8693923870047338,8824.0,7911.0,5913.0,1671.0,18530.0,22.3,2738.0,0.227069166
2009-02-01,133311.0,139493.0,60.3,0.8626421980354346,8970.0,8697.0,6542.0,1804.0,18554.0,22.8,2864.0,0.22204993
2009-03-01,132493.0,138664.0,59.9,0.8596017724951828,9202.0,9041.0,6892.0,1843.0,18438.0,23.1,2534.0,0.188738269
2009-04-01,131825.0,138437.0,59.8,0.8531865457675605,9041.0,8821.0,6683.0,1772.0,18689.0,22.9,2295.0,0.165668086
2009-05-01,131470.0,138036.0,59.6,0.8495802826549141,8956.0,8964.0,6728.0,1922.0,18575.0,23.2,2549.0,0.175805228
2009-06-01,131002.0,137841.0,59.4,0.8467256133819385,8898.0,8900.0,6679.0,2089.0,18440.0,22.6,2503.0,0.170191066
2009-07-01,130661.0,137819.0,59.3,0.8456913179117422,8884.0,8742.0,6782.0,1878.0,18535.0,22.5,2232.0,0.152866242
2009-08-01,130480.0,137371.0,59.1,0.845587044009669,9093.0,8904.0,6654.0,2021.0,18212.0,22.8,2338.0,0.15782368
2009-09-01,130240.0,136734.0,58.7,0.8466654098435256,9023.0,8718.0,6393.0,1984.0,18241.0,22.3,2487.0,0.16570058
2009-10-01,130062.0,136483.0,58.5,0.8457446808510638,8922.0,8821.0,6585.0,1992.0,18345.0,22.8,2406.0,0.156722251
2009-11-01,130059.0,136640.0,58.6,0.8452085418318408,9016.0,9018.0,6525.0,2161.0,18015.0,22.4,2503.0,0.164465471
2009-12-01,129808.0,135904.0,58.3,0.8478032277236776,9090.0,8996.0,6316.0,2295.0,18090.0,22.4,2568.0,0.170088754
2010-01-01,129798.0,136384.0,58.5,0.8456777253655104,8956.0,8423.0,5956.0,2258.0,18161.0,22.2,2837.0,0.188555098
2010-02-01,129700.0,136327.0,58.5,0.8438846018712507,9027.0,8786.0,6172.0,2244.0,17968.0,21.9,2666.0,0.17640442
2010-03-01,129864.0,136579.0,58.5,0.8435246891928758,8927.0,9126.0,6278.0,2464.0,17934.0,22.4,2679.0,0.176226812
2010-04-01,130115.0,136958.0,58.7,0.8415037963549818,8926.0,9093.0,6273.0,2457.0,17701.0,22.9,3153.0,0.205742251
2010-05-01,130645.0,136984.0,58.6,0.8478431576146562,8943.0,8697.0,6066.0,2291.0,17582.0,22.7,2988.0,0.201225672
2010-06-01,130501.0,136936.0,58.5,0.8495273929798979,8886.0,8439.0,6015.0,2228.0,17594.0,22.5,2801.0,0.193519414
2010-07-01,130420.0,136927.0,58.5,0.8485857987780677,8817.0,8361.0,6027.0,2268.0,17874.0,22.4,3082.0,0.212375965
2010-08-01,130424.0,137193.0,58.6,0.8464364056436017,8737.0,8676.0,6160.0,2262.0,18228.0,22.6,2999.0,0.204737848
2010-09-01,130339.0,137220.0,58.5,0.8464945608053256,8751.0,9111.0,6370.0,2353.0,17960.0,22.8,2918.0,0.200150902
2010-10-01,130620.0,136893.0,58.3,0.8501968952387151,8868.0,8688.0,5888.0,2463.0,17835.0,22.4,3235.0,0.222857537
2010-11-01,130754.0,136915.0,58.2,0.8483633414436335,8727.0,8730.0,5861.0,2480.0,18105.0,22.5,3211.0,0.212916915
2010-12-01,130835.0,137123.0,58.3,0.8515131793036121,8739.0,8794.0,5931.0,2486.0,17969.0,22.4,3058.0,0.21313075
2011-01-01,130842.0,137022.0,58.3,0.8537089839034862,8823.0,8339.0,5732.0,2466.0,17426.0,22.1,3104.0,0.221508599
2011-02-01,131052.0,137160.0,58.4,0.8553526440142546,8703.0,8372.0,5610.0,2428.0,17866.0,22.3,3226.0,0.233429812
2011-03-01,131277.0,137434.0,58.4,0.8559161798456082,8773.0,8473.0,5717.0,2393.0,18056.0,22.4,3261.0,0.237388076
2011-04-01,131604.0,137420.0,58.4,0.8571149449991208,8684.0,8528.0,5644.0,2510.0,17980.0,22.6,3259.0,0.233502902
2011-05-01,131704.0,137356.0,58.3,0.8581239127177008,8686.0,8427.0,5806.0,2381.0,18057.0,22.7,3179.0,0.229447853
2011-06-01,131936.0,137061.0,58.2,0.8603810989526952,8533.0,8289.0,5571.0,2430.0,18069.0,22.6,3455.0,0.247457384
2011-07-01,131991.0,137204.0,58.2,0.8610654454360419,8501.0,8131.0,5484.0,2475.0,17811.0,22.3,3623.0,0.263242026
2011-08-01,132124.0,137507.0,58.3,0.8592872008324662,8579.0,8632.0,5693.0,2650.0,17801.0,22.4,3329.0,0.240917644
2011-09-01,132345.0,137963.0,58.4,0.8586527045175857,8297.0,9012.0,5687.0,2812.0,17989.0,22.7,3774.0,0.270576427
2011-10-01,132557.0,138285.0,58.4,0.860977780087165,8542.0,8526.0,5632.0,2500.0,18070.0,23.1,3619.0,0.266220391
2011-11-01,132701.0,138571.0,58.6,0.860979186131008,8539.0,8335.0,5476.0,2476.0,18174.0,22.8,3565.0,0.268004811
2011-12-01,132901.0,138568.0,58.6,0.863021526672944,8576.0,8030.0,5305.0,2397.0,18179.0,22.7,3768.0,0.287787367
2012-01-01,133246.0,139382.0,58.4,0.863098438279322,8767.0,8174.0,5340.0,2563.0,18315.0,22.5,3909.0,0.305462218
2012-02-01,133518.0,139718.0,58.5,0.8632387454661831,8484.0,8104.0,5401.0,2370.0,18451.0,22.9,3616.0,0.282213377
2012-03-01,133744.0,139800.0,58.5,0.8642640663267614,8530.0,7680.0,5123.0,2344.0,18107.0,22.6,3979.0,0.312986707
2012-04-01,133827.0,139682.0,58.4,0.8659419586528195,8549.0,7793.0,5093.0,2406.0,18444.0,22.8,3793.0,0.299936739
2012-05-01,133935.0,139915.0,58.5,0.8648444461663631,8678.0,7983.0,5145.0,2540.0,19038.0,22.8,3835.0,0.302922591
2012-06-01,134007.0,140160.0,58.6,0.8640985794703482,8837.0,7946.0,5212.0,2492.0,18337.0,22.4,3911.0,0.308146864
2012-07-01,134153.0,140013.0,58.5,0.8657936856235641,8831.0,7972.0,5163.0,2551.0,18401.0,22.6,3735.0,0.295116941
2012-08-01,134330.0,140107.0,58.4,0.8679723189651273,8763.0,7842.0,5125.0,2447.0,18589.0,22.7,3809.0,0.305428594
2012-09-01,134512.0,140912.0,58.7,0.8669244650683166,8842.0,8528.0,5486.0,2622.0,18402.0,23.1,3882.0,0.32042922
2012-10-01,134671.0,141387.0,58.8,0.8657508003651465,8804.0,8079.0,5029.0,2634.0,18589.0,22.8,3775.0,0.311365886
2012-11-01,134834.0,141224.0,58.7,0.8680039655460995,8916.0,8066.0,5047.0,2693.0,18290.0,22.8,3878.0,0.32303207
2012-12-01,135075.0,141284.0,58.7,0.8679350759503431,8993.0,7844.0,4921.0,2593.0,18596.0,22.9,3970.0,0.322816718
2013-01-01,135265.0,141124.0,58.6,0.8684026373400615,8712.0,8069.0,5122.0,2625.0,17966.0,22.3,3923.0,0.314569802
2013-02-01,135544.0,141299.0,58.6,0.8727207170083445,8641.0,8061.0,5145.0,2535.0,18625.0,22.7,4004.0,0.335062762
2013-03-01,135689.0,141192.0,58.5,0.8753846650108061,8346.0,7632.0,4844.0,2502.0,18538.0,23.1,4076.0,0.34870391
2013-04-01,135876.0,141557.0,58.6,0.8743966948530831,8617.0,7837.0,5020.0,2489.0,18649.0,23.1,3988.0,0.339115646
2013-05-01,136091.0,141758.0,58.6,0.8749807118609196,8638.0,7812.0,4784.0,2623.0,18754.0,23.0,4145.0,0.355671872
2013-06-01,136269.0,141896.0,58.6,0.8749269658232156,8708.0,7988.0,4992.0,2615.0,18631.0,22.9,4150.0,0.353161433
2013-07-01,136391.0,142079.0,58.7,0.8765544765711862,8884.0,7961.0,4982.0,2678.0,18730.0,23.1,3885.0,0.342743714
2013-08-01,136635.0,142154.0,58.7,0.8780887503614923,8717.0,7677.0,4693.0,2652.0,19180.0,23.1,4085.0,0.362177498
2013-09-01,136819.0,142304.0,58.7,0.8788081214231117,8646.0,7656.0,4953.0,2562.0,18680.0,23.0,4128.0,0.366282165
2013-10-01,137039.0,141411.0,58.3,0.8859917374073044,8473.0,7844.0,4978.0,2629.0,18390.0,23.1,4222.0,0.379130747
2013-11-01,137314.0,142463.0,58.6,0.8843847615367275,8500.0,7627.0,4836.0,2523.0,18484.0,23.2,4119.0,0.381848521
2013-12-01,137368.0,142561.0,58.7,0.8852057583998144,8547.0,7711.0,4785.0,2606.0,18461.0,22.8,4121.0,0.396097655
2014-01-01,137552.0,142852.0,58.8,0.8854214944126886,8546.0,7180.0,4400.0,2545.0,18858.0,22.7,4127.0,0.404528524
2014-02-01,137707.0,143024.0,58.7,0.8856723886212641,8654.0,7178.0,4303.0,2626.0,18678.0,22.3,4373.0,0.422552904
2014-03-01,137986.0,143393.0,58.9,0.8843669085036019,8584.0,7343.0,4373.0,2639.0,19054.0,22.9,4388.0,0.422736031
2014-04-01,138298.0,143512.0,58.9,0.8901260869285379,8486.0,7376.0,4436.0,2611.0,18563.0,23.2,4566.0,0.470624614
2014-05-01,138501.0,143778.0,58.9,0.8896289920608412,8370.0,7177.0,4366.0,2399.0,18864.0,23.3,4747.0,0.481488995
2014-06-01,138833.0,144084.0,59.0,0.8916297918526463,8432.0,7319.0,4355.0,2657.0,19525.0,23.2,4982.0,0.526638478
2014-07-01,139076.0,144188.0,59.0,0.8914728185273738,8482.0,7288.0,4465.0,2543.0,19333.0,22.7,4846.0,0.504371357
2014-08-01,139258.0,144303.0,59.0,0.8919362070069814,8541.0,7102.0,4116.0,2609.0,19334.0,22.9,5349.0,0.557245546
2014-09-01,139563.0,144502.0,59.1,0.8944052806972571,8744.0,6905.0,4135.0,2545.0,19255.0,23.2,4914.0,0.530554956
2014-10-01,139805.0,144989.0,59.3,0.8937967100762705,8878.0,6943.0,4247.0,2425.0,19434.0,23.1,5012.0,0.557508343
2014-11-01,140089.0,145113.0,59.2,0.8951716998734776,8816.0,6777.0,4044.0,2417.0,19594.0,23.1,4843.0,0.532783278
2014-12-01,140366.0,145229.0,59.3,0.8978711971957117,8717.0,6760.0,3979.0,2413.0,19327.0,23.3,5130.0,0.58850522
2015-01-01,140562.0,145614.0,59.3,0.8951283194294084,8725.0,6693.0,3962.0,2399.0,19507.0,22.9,5344.0,0.60146314
2015-02-01,140829.0,145626.0,59.2,0.8990385843058144,8342.0,6569.0,3793.0,2397.0,19429.0,23.0,5466.0,0.635655309
2015-03-01,140924.0,145458.0,59.2,0.8996507983120855,8636.0,6552.0,3979.0,2251.0,19437.0,23.0,5210.0,0.611861421
2015-04-01,141202.0,146069.0,59.3,0.8990322169871386,8796.0,6526.0,3808.0,2374.0,19757.0,23.1,5598.0,0.654736842
2015-05-01,141540.0,146466.0,59.4,0.8978059130611287,9148.0,6512.0,3848.0,2298.0,19600.0,22.9,5563.0,0.629726058
2015-06-01,141695.0,146258.0,59.4,0.9021596566960818,8666.0,6258.0,3721.0,2199.0,20231.0,23.0,5248.0,0.636352613
2015-07-01,141989.0,146368.0,59.3,0.9044058166716561,8798.0,6143.0,3693.0,2223.0,19344.0,23.0,6056.0,0.741520754
2015-08-01,142130.0,146852.0,59.4,0.9042959305728756,8750.0,6315.0,3692.0,2284.0,19332.0,23.0,5467.0,0.684059059
2015-09-01,142265.0,146588.0,59.2,0.9076901482138414,8403.0,5952.0,3545.0,2072.0,19679.0,22.7,5488.0,0.694068547
2015-10-01,142585.0,146845.0,59.3,0.9072197089719852,8580.0,5772.0,3353.0,2175.0,19842.0,23.3,5773.0,0.728730119
2015-11-01,142810.0,147200.0,59.4,0.9069432184068639,8595.0,6060.0,3524.0,2223.0,19744.0,22.9,5708.0,0.7135
2015-12-01,143083.0,147674.0,59.6,0.9053880469516247,8534.0,5968.0,3510.0,2160.0,19845.0,23.3,5845.0,0.739218414
2016-01-01,143198.0,148228.0,59.7,0.9047131665403083,8717.0,5773.0,3424.0,2067.0,20278.0,22.8,6012.0,0.788252262
2016-02-01,143410.0,148460.0,59.8,0.9039964699949571,8729.0,5836.0,3472.0,2105.0,20340.0,22.7,5770.0,0.749156063
2016-03-01,143666.0,148439.0,59.8,0.9025436772438575,8867.0,5990.0,3602.0,2108.0,20061.0,23.4,6129.0,0.769878156
2016-04-01,143856.0,148417.0,59.7,0.9039530981959395,8930.0,5932.0,3698.0,1988.0,20289.0,23.3,5803.0,0.71935044
2016-05-01,143901.0,148614.0,59.7,0.9062688935912938,8841.0,6426.0,3916.0,2077.0,20256.0,23.7,5777.0,0.754966022
2016-06-01,144152.0,148699.0,59.7,0.9068045569206188,8768.0,5696.0,3343.0,2063.0,20246.0,23.0,5742.0,0.741477273
2016-07-01,144515.0,149055.0,59.8,0.9077917509453874,8667.0,5853.0,3597.0,1953.0,20138.0,23.1,5962.0,0.780264363
2016-08-01,144664.0,149242.0,59.8,0.9066319048394981,8647.0,5906.0,3605.0,1938.0,19697.0,23.0,5677.0,0.729316547
2016-09-01,144961.0,149500.0,59.7,0.9076286361871846,8558.0,5774.0,3528.0,1924.0,20327.0,23.2,5868.0,0.737834779
2016-10-01,145069.0,149511.0,59.7,0.9089251589862473,8674.0,5859.0,3460.0,2104.0,20446.0,23.4,5591.0,0.715785431
2016-11-01,145189.0,149730.0,59.7,0.9102416210048525,8680.0,5575.0,3421.0,1861.0,20863.0,23.5,5971.0,0.790546803
2016-12-01,145408.0,149817.0,59.7,0.9106326482045116,8929.0,5490.0,3251.0,1870.0,20900.0,23.0,5964.0,0.792979657
2017-01-01,145639.0,149725.0,59.9,0.9124107254729984,8535.0,5647.0,3483.0,1902.0,20298.0,22.6,5617.0,0.752142475
2017-02-01,145845.0,149929.0,60.0,0.9123352454350396,8867.0,5532.0,3447.0,1847.0,20553.0,23.2,5923.0,0.80268329
2017-03-01,145975.0,150377.0,60.2,0.911563223989459,8744.0,5442.0,3371.0,1811.0,20283.0,23.2,5811.0,0.821575004
2017-04-01,146172.0,150527.0,60.2,0.9116093423555458,8585.0,5213.0,3166.0,1748.0,20138.0,23.3,6091.0,0.859218508
2017-05-01,146389.0,150519.0,60.1,0.9145425694080016,8565.0,5205.0,3064.0,1797.0,20835.0,23.6,5826.0,0.832285714
2017-06-01,146588.0,150879.0,60.1,0.9150769077107471,8787.0,5326.0,3279.0,1738.0,20274.0,23.3,6305.0,0.917357777
2017-07-01,146772.0,151161.0,60.2,0.9146838503820219,8406.0,5259.0,3175.0,1726.0,20813.0,22.7,6238.0,0.905107371
2017-08-01,146907.0,151240.0,60.1,0.9148182282390744,8540.0,5216.0,3263.0,1656.0,20677.0,22.4,6276.0,0.886190342
2017-09-01,146999.0,152122.0,60.4,0.9122440114186422,8813.0,5023.0,3037.0,1693.0,20587.0,23.1,6320.0,0.922089291
2017-10-01,147147.0,151244.0,60.1,0.9178960632278912,8994.0,4771.0,2931.0,1607.0,20524.0,23.4,6408.0,0.95641791
2017-11-01,147377.0,151384.0,60.1,0.9177850154752489,9003.0,4678.0,2902.0,1498.0,20836.0,23.0,6271.0,0.925745498
2017-12-01,147521.0,151450.0,60.1,0.9189335658890585,8993.0,4895.0,3046.0,1575.0,20780.0,23.2,6336.0,0.955367913
2018-01-01,147670.0,151976.0,60.1,0.9176951663621562,9092.0,4958.0,2902.0,1670.0,20613.0,22.8,6621.0,1.015410695
2018-02-01,148058.0,152655.0,60.4,0.9151924241862305,9018.0,5065.0,3238.0,1525.0,20776.0,23.1,6552.0,0.999544142
2018-03-01,148281.0,152722.0,60.4,0.9170923889514244,9047.0,4904.0,2936.0,1630.0,20955.0,23.0,6818.0,1.053461063
2018-04-01,148426.0,152996.0,60.4,0.917506846097261,9080.0,4846.0,2949.0,1539.0,21055.0,23.9,6877.0,1.068741291
2018-05-01,148755.0,153310.0,60.5,0.9191031090900104,8996.0,4868.0,2972.0,1486.0,20898.0,23.5,7016.0,1.129115558
2018-06-01,148966.0,153405.0,60.5,0.9183527526046483,8674.0,4755.0,3075.0,1446.0,20757.0,23.0,7230.0,1.122537614
2018-07-01,149022.0,153603.0,60.6,0.9179566468113416,8793.0,4524.0,2854.0,1410.0,21089.0,23.1,7190.0,1.161581921
2018-08-01,149272.0,153274.0,60.3,0.9233700358777681,8740.0,4330.0,2590.0,1348.0,21188.0,22.9,7208.0,1.171377518
2018-09-01,149361.0,153598.0,60.4,0.9214866090432916,8906.0,4521.0,2744.0,1459.0,20971.0,23.3,7411.0,1.208628355
2018-10-01,149526.0,154033.0,60.5,0.9195827849595946,8948.0,4447.0,2740.0,1455.0,21082.0,23.3,7304.0,1.185799388
2018-11-01,149622.0,154112.0,60.6,0.9188508683583483,8934.0,4636.0,2801.0,1547.0,20678.0,23.3,7594.0,1.235977106
2018-12-01,149805.0,154281.0,60.6,0.9178890481967574,9075.0,4528.0,2814.0,1480.0,20913.0,23.5,7489.0,1.163718892
2019-01-01,150114.0,153954.0,60.6,0.9211256197535712,8926.0,5121.0,3435.0,1411.0,20462.0,23.1,7517.0,1.160583942
2019-02-01,150092.0,154330.0,60.7,0.9206799040626169,8802.0,4302.0,2722.0,1305.0,20809.0,22.6,7072.0,1.154210957
2019-03-01,150320.0,154282.0,60.6,0.9225651632225952,8743.0,4477.0,2863.0,1329.0,20988.0,23.1,7337.0,1.184082821
2019-04-01,150563.0,154363.0,60.6,0.9260058796757568,8590.0,4639.0,2900.0,1435.0,21135.0,23.1,7191.0,1.222128236
2019-05-01,150630.0,154466.0,60.6,0.9254958342549583,8673.0,4260.0,2562.0,1343.0,21204.0,23.3,7311.0,1.22790776
2019-06-01,150797.0,154920.0,60.7,0.924720830548282,8715.0,4311.0,2728.0,1332.0,20992.0,23.1,7139.0,1.209510916
2019-07-01,150879.0,155131.0,60.8,0.9226211223422796,8870.0,3839.0,2292.0,1332.0,21036.0,23.0,7051.0,1.178428762
2019-08-01,151111.0,155535.0,60.8,0.9227420113212386,8785.0,4305.0,2658.0,1320.0,21214.0,23.1,7172.0,1.194114697
2019-09-01,151318.0,155931.0,61.0,0.9222377298463527,8821.0,4208.0,2510.0,1314.0,21184.0,23.3,7160.0,1.229437229
2019-10-01,151447.0,156073.0,61.0,0.9210311861438163,8816.0,4239.0,2668.0,1294.0,21134.0,23.9,7325.0,1.24508981
2019-11-01,151662.0,156201.0,61.0,0.9216604984412317,8933.0,4177.0,2558.0,1247.0,21267.0,23.8,6919.0,1.166638471
2019-12-01,151764.0,156206.0,61.0,0.9214348163979017,8913.0,4077.0,2591.0,1231.0,21267.0,23.2,6709.0,1.148381601
2020-01-01,152098.0,156055.0,61.1,0.925463041838051,8894.0,4183.0,2559.0,1364.0,21684.0,22.8,7184.0,1.233804273
2020-02-01,152371.0,156152.0,61.1,0.9265040314244366,8942.0,4326.0,2755.0,1278.0,21877.0,22.9,6995.0,1.22740014
2020-03-01,150944.0,152919.0,59.8,0.928115104374827,8785.0,5717.0,4058.0,1310.0,19932.0,22.8,5794.0,0.823914254
2020-04-01,130430.0,130963.0,51.3,0.8344422550349311,7561.0,10739.0,9843.0,711.0,12111.0,20.9,4686.0,0.204295011
2020-05-01,133055.0,134909.0,52.7,0.8417633029031992,7902.0,10477.0,9375.0,867.0,14235.0,21.5,5581.0,0.259850041
2020-06-01,137620.0,140037.0,54.7,0.8606629143214509,8317.0,8991.0,7907.0,966.0,16610.0,21.9,6119.0,0.342657739
2020-07-01,139064.0,141594.0,55.2,0.8685962698779528,8439.0,8343.0,7201.0,1002.0,17364.0,21.9,6514.0,0.405599118
2020-08-01,140799.0,145209.0,56.5,0.8760406167170642,8730.0,7455.0,6129.0,1084.0,18193.0,22.2,6360.0,0.467051254
2020-09-01,141760.0,145434.0,56.6,0.8847613341322149,8653.0,6184.0,4796.0,1115.0,18499.0,22.0,6512.0,0.515437733
2020-10-01,142479.0,147430.0,57.4,0.885270653146436,8675.0,6515.0,5200.0,1133.0,18898.0,22.4,6820.0,0.619837692
2020-11-01,142743.0,147406.0,57.4,0.8883294852726107,8609.0,6548.0,5169.0,1139.0,18206.0,22.6,6875.0,0.63605948
2020-12-01,142475.0,147371.0,57.4,0.8862755587626044,8646.0,6039.0,4827.0,1002.0,17871.0,22.2,6854.0,0.642704956
2021-01-01,142969.0,147284.0,57.5,0.8934166536478675,8780.0,5862.0,4701.0,1014.0,18116.0,22.1,7175.0,0.712161497
2021-02-01,143544.0,147751.0,57.6,0.8961026799927585,8839.0,6024.0,4675.0,1098.0,18090.0,21.7,7760.0,0.787417351
2021-03-01,144328.0,148304.0,57.8,0.8994472245938316,9226.0,5788.0,4589.0,996.0,18685.0,22.2,8399.0,0.873146623
2021-04-01,144614.0,148889.0,57.9,0.8987371665796604,9020.0,5183.0,3962.0,963.0,18856.0,22.6,9288.0,0.95152511
2021-05-01,145096.0,149261.0,58.0,0.9026751275351499,9242.0,5207.0,3954.0,992.0,18976.0,22.4,9840.0,1.041266069
2021-06-01,145789.0,149552.0,58.0,0.9044431485433521,9155.0,4557.0,3416.0,1037.0,19855.0,22.4,10069.0,1.036180059
2021-07-01,146558.0,150636.0,58.4,0.9075585499671798,9572.0,4349.0,2916.0,1097.0,19667.0,22.4,10882.0,1.238855699
2021-08-01,147221.0,151082.0,58.6,0.911387624972916,9511.0,4377.0,3124.0,993.0,19983.0,22.2,10960.0,1.276910139
2021-09-01,147778.0,151706.0,58.8,0.9147848264249988,9410.0,4360.0,3096.0,965.0,19911.0,22.7,10882.0,1.390256611
2021-10-01,148559.0,152236.0,59.0,0.9185050080375912,9417.0,4276.0,3036.0,974.0,20179.0,22.7,11368.0,1.510415249
2021-11-01,149173.0,153310.0,59.4,0.9190339771432092,9266.0,4245.0,2871.0,1084.0,20114.0,23.3,11232.0,1.610914454
2021-12-01,149742.0,153650.0,59.5,0.9219998768548735,9277.0,3901.0,2558.0,1067.0,19891.0,23.2,11826.0,1.808816559
2022-01-01,150106.0,154585.0,59.7,0.9173333007400708,9109.0,3671.0,2383.0,966.0,19878.0,22.6,11487.0,1.732913531
2022-02-01,151010.0,155033.0,59.8,0.9215681488081434,9185.0,4103.0,2688.0,1054.0,20316.0,22.9,11601.0,1.808673469
2022-03-01,151424.0,155670.0,60.1,0.9216255531007115,9247.0,4140.0,2846.0,1040.0,20519.0,23.1,12027.0,1.98509712
2022-04-01,151678.0,155611.0,59.9,0.9251479109484599,9093.0,3992.0,2621.0,1045.0,20451.0,23.0,11755.0,1.957272118
2022-05-01,152042.0,155987.0,60.0,0.9255165025140311,9280.0,4223.0,2929.0,974.0,20453.0,23.1,11443.0,1.890449908
2022-06-01,152412.0,155976.0,59.9,0.9293301301203644,9242.0,3594.0,2358.0,907.0,20238.0,22.2,10961.0,1.857022708
2022-07-01,152980.0,155975.0,59.9,0.9328617598634064,8975.0,3890.0,2677.0,910.0,20721.0,22.4,11380.0,1.953480238
2022-08-01,153332.0,156699.0,60.1,0.9308984057214323,8992.0,4063.0,2724.0,958.0,20754.0,22.8,10198.0,1.707357582
2022-09-01,153682.0,156762.0,60.1,0.9335617395318888,9155.0,3762.0,2526.0,940.0,20912.0,23.5,10854.0,1.852166378
2022-10-01,154006.0,156570.0,60.0,0.9353765047435103,9261.0,3578.0,2487.0,862.0,20950.0,23.1,10471.0,1.736659508
2022-11-01,154296.0,156344.0,59.9,0.9378156776699265,8970.0,3623.0,2497.0,819.0,20844.0,22.9,10746.0,1.74
2022-12-01,154535.0,156818.0,60.1,0.9367687887200999,9036.0,3810.0,2611.0,892.0,21211.0,22.9,11234.0,1.924501922
2023-01-01,155007.0,157645.0,60.2,0.934723093251001,9217.0,3959.0,2646.0,988.0,21674.0,22.8,10563.0,
2023-02-01,155333.0,157743.0,60.2,0.9343282145671304,9338.0,3964.0,2750.0,842.0,21453.0,23.3,9931.0,
2023-03-01,155569.0,158318.0,60.4,0.9330538412172902,9173.0,4037.0,2822.0,872.0,21069.0,23.5,,
