date,laborforce_total,laborforce_rate,laborforce_rate_workage,laborforce_not,pop,laborforce_jobfindrate,laborforce_jobseparaterate
1980-01-01,106562.0,64.0,78.7,59982.0,142424.199649132,,
1980-02-01,106697.0,64.0,78.7,60062.0,142600.825247505,0.6275617738111702,0.1316515379288863
1980-03-01,106442.0,63.7,78.6,60542.0,142750.597424673,0.6126225285760718,0.13173317349976435
1980-04-01,106591.0,63.8,78.7,60606.0,142869.817125052,0.5241402044838291,0.13912057035912478
1980-05-01,106929.0,63.9,78.6,60478.0,143195.963483855,0.553586163624396,0.15192632258952443
1980-06-01,106780.0,63.7,78.5,60863.0,143425.883370667,0.5322201989017136,0.15666741588819716
1980-07-01,107159.0,63.8,78.6,60773.0,143586.011947785,0.501362024592643,0.16056747585108477
1980-08-01,107105.0,63.7,78.6,60998.0,143812.090623574,0.5415449700380578,0.16139523675470935
1980-09-01,107098.0,63.6,78.7,61199.0,143902.963945722,0.5306644792271574,0.1573275546015594
1980-10-01,107405.0,63.7,78.7,61098.0,144011.561078503,0.5026721113029838,0.15601913518156232
1980-11-01,107568.0,63.8,78.7,61127.0,144156.166306789,0.5058512049902547,0.15522577946815455
1980-12-01,107352.0,63.6,78.8,61531.0,144232.536141905,0.5517012848833897,0.1513165921105889
1981-01-01,108026.0,63.9,79.0,61078.0,144348.909538932,0.4847792654835546,0.1530788113783714
1981-02-01,108242.0,63.9,79.0,61038.0,144476.71477072503,0.5271897388491816,0.154920865422866
1981-03-01,108553.0,64.1,79.3,60900.0,144664.748805758,0.5480692424377437,0.15393160230043618
1981-04-01,108925.0,64.2,79.4,60716.0,144844.167273804,0.5330365608910713,0.15131963888448657
1981-05-01,109222.0,64.3,79.6,60607.0,145091.669253854,0.501633452446681,0.15343144655715343
1981-06-01,108396.0,63.7,79.3,61646.0,145394.357692213,0.5411309732613196,0.1547021071858689
1981-07-01,108556.0,63.8,79.2,61690.0,145483.782104344,0.5751720720250337,0.15290576015679258
1981-08-01,108725.0,63.8,79.2,61674.0,145579.252848849,0.5112072303342545,0.15232213802523395
1981-09-01,108294.0,63.5,79.0,62299.0,145638.188259465,0.5285274230110732,0.1560145197084343
1981-10-01,109024.0,63.8,79.4,61785.0,145813.478932736,0.5003501049255512,0.1627778486279973
1981-11-01,109236.0,63.9,79.6,61760.0,145969.303696922,0.5051742622051844,0.16940690427594118
1981-12-01,108912.0,63.6,79.4,62254.0,146086.800902468,0.529344326504514,0.17512826080207322
1982-01-01,109089.0,63.7,79.4,62246.0,145930.468444041,0.5266327904427732,0.1788377942983653
1982-02-01,109467.0,63.8,79.6,62022.0,146022.664187483,0.4659467423825609,0.18210536029820862
1982-03-01,109567.0,63.8,79.6,62100.0,146212.111895608,0.4810484279500175,0.1862231960276728
1982-04-01,109820.0,63.9,79.6,62024.0,146535.75641853298,0.4525916745097325,0.19113430706706622
1982-05-01,110451.0,64.2,79.9,61575.0,146813.304785654,0.4626120375295977,0.19435242895054966
1982-06-01,110081.0,63.9,79.9,62109.0,146956.455591968,0.3993878212803719,0.19505842253893008
1982-07-01,110342.0,64.0,80.0,62022.0,147080.616269577,0.4205720021575159,0.20138570995810154
1982-08-01,110514.0,64.1,80.0,61997.0,147238.252055286,0.4401647634556733,0.20378518913398624
1982-09-01,110721.0,64.1,80.0,61969.0,147385.257901972,0.4058787585794194,0.20711079355983592
1982-10-01,110744.0,64.1,80.0,62137.0,147579.669744761,0.38194083051243316,0.21228218390873044
1982-11-01,111050.0,64.2,79.9,62008.0,147627.599279012,0.36993421404886667,0.2190821484523329
1982-12-01,111083.0,64.1,80.0,62116.0,147748.248525305,0.38638214289763084,0.2229730964630949
1983-01-01,110695.0,63.9,79.8,62659.0,147228.955741376,0.4248197401754671,0.21808582888818878
1983-02-01,110634.0,63.8,79.6,62871.0,147333.655853685,0.38759214565939104,0.2147884157672291
1983-03-01,110587.0,63.7,79.7,63069.0,147639.364638189,0.37863047793196497,0.21312051077804434
1983-04-01,110828.0,63.8,79.9,62966.0,147974.934023791,0.3893353755472061,0.21078881428250015
1983-05-01,110796.0,63.7,79.9,63157.0,148251.559206076,0.3907968570079894,0.2080150890991716
1983-06-01,111879.0,64.3,80.2,62246.0,148288.029810576,0.3889269877759204,0.20839713626215323
1983-07-01,111756.0,64.1,80.2,62550.0,148471.764174324,0.46146822299712953,0.19978389285096726
1983-08-01,112231.0,64.3,80.4,62209.0,148599.518098394,0.4113126609611922,0.19541916539657292
1983-09-01,112298.0,64.3,80.5,62304.0,148723.597652208,0.4890677549438347,0.1923853950882278
1983-10-01,111926.0,64.0,80.2,62853.0,148852.536663502,0.47472199866160514,0.18490790483401032
1983-11-01,112228.0,64.1,80.2,62723.0,148923.028130173,0.4744435307116531,0.17817682566985932
1983-12-01,112327.0,64.1,80.3,62794.0,149073.461760385,0.48031027159641454,0.17322399444981032
1984-01-01,112209.0,63.9,80.1,63324.0,149125.910896496,0.49305146939902234,0.1682200868469169
1984-02-01,112615.0,64.1,80.3,63064.0,149273.125988613,0.49993194912884564,0.16376225712498083
1984-03-01,112713.0,64.1,80.4,63111.0,149425.831900823,0.48529455220844336,0.1609789163782385
1984-04-01,113098.0,64.3,80.6,62871.0,149651.565246639,0.48219749942050016,0.1606917034096356
1984-05-01,113649.0,64.5,80.8,62474.0,149740.870341911,0.5047949973078639,0.15685847675638398
1984-06-01,113817.0,64.6,80.8,62467.0,149942.081389647,0.5324629510708007,0.15177556691581218
1984-07-01,113972.0,64.6,81.0,62468.0,149998.881403254,0.4692745005222195,0.15285015372124172
1984-08-01,113682.0,64.4,81.0,62901.0,150083.151822336,0.5446181226458743,0.1556617122447401
1984-09-01,113857.0,64.4,80.7,62906.0,150263.211023079,0.5244961342949753,0.15373443199631046
1984-10-01,114019.0,64.4,80.9,62937.0,150351.196375119,0.5232929637004627,0.15269764132619965
1984-11-01,114170.0,64.5,80.8,62965.0,150517.604668288,0.556102101802492,0.15084423514316042
1984-12-01,114581.0,64.6,81.0,62725.0,150718.25127846,0.49705569551816026,0.15049777021908006
1985-01-01,114725.0,64.7,81.3,62659.0,150514.467651368,0.5638121851971882,0.15287438423740415
1985-02-01,114876.0,64.7,81.2,62640.0,150630.6527701,0.5519873543838347,0.15160809487218205
1985-03-01,115328.0,64.9,81.4,62339.0,150784.929148696,0.5460085118557839,0.15090332645139837
1985-04-01,115331.0,64.9,81.5,62468.0,150942.990030037,0.5325247598948233,0.15086874051563598
1985-05-01,115234.0,64.8,81.2,62710.0,151018.059063152,0.5592287276533956,0.1505153835053201
1985-06-01,114965.0,64.6,81.3,63131.0,151216.51403333,0.5227814976619828,0.15139085916555947
1985-07-01,115320.0,64.7,81.3,62943.0,151227.426213858,0.5343467400051332,0.15357157421041948
1985-08-01,115291.0,64.6,81.4,63114.0,151336.562984098,0.5819771894517757,0.15030356534700287
1985-09-01,115905.0,64.9,81.8,62667.0,151468.907059961,0.5446598614386511,0.14845150346177174
1985-10-01,116145.0,65.0,81.6,62625.0,151606.059736042,0.5260557915116443,0.14826912000945783
1985-11-01,116135.0,64.9,81.6,62805.0,151784.257461458,0.5759266876113691,0.1470040712375281
1985-12-01,116354.0,65.0,81.7,62758.0,151945.129901702,0.5382234587742348,0.14550489453202475
1986-01-01,116682.0,64.9,81.7,62988.0,152393.832331186,0.6009473535691573,0.14208326334162572
1986-02-01,116882.0,65.0,81.6,62939.0,152478.014190186,0.46710852967419114,0.14470783429909298
1986-03-01,117220.0,65.1,81.8,62765.0,152680.408776242,0.5509354093260983,0.14937109626799772
1986-04-01,117316.0,65.1,81.8,62832.0,152718.15143214,0.5646984669791699,0.14882076420810805
1986-05-01,117528.0,65.2,81.8,62783.0,152904.497487752,0.544339711143308,0.14914486136154181
1986-06-01,118084.0,65.4,82.1,62419.0,152989.085982298,0.5196331075030328,0.14973609446257224
1986-07-01,118129.0,65.4,82.1,62553.0,153083.54199324,0.5572971334766216,0.14779130592794562
1986-08-01,118150.0,65.3,82.1,62678.0,153259.44794346,0.5718309727759553,0.14463844150212915
1986-09-01,118395.0,65.4,82.3,62602.0,153423.730586854,0.5059206476536747,0.14454247933286965
1986-10-01,118516.0,65.4,82.3,62670.0,153542.618672773,0.5432344521890009,0.1450939628034104
1986-11-01,118634.0,65.4,82.3,62729.0,153735.235895829,0.5374206473245706,0.14345928740472588
1986-12-01,118611.0,65.3,82.3,62936.0,153833.350459429,0.5761134280109504,0.14012131448391418
1987-01-01,118845.0,65.4,82.2,62982.0,153906.502894379,0.5601867995932307,0.1383894738328432
1987-02-01,119122.0,65.5,82.3,62876.0,154105.411130552,0.5524821444770021,0.13772822907863813
1987-03-01,119270.0,65.5,82.4,62909.0,154176.127585496,0.5636927460605624,0.1373792151563715
1987-04-01,119336.0,65.4,82.5,63008.0,154373.05755155097,0.5849923026113139,0.13370008008558218
1987-05-01,120008.0,65.7,82.6,62525.0,154518.61954575,0.5714530078950889,0.13194185315135054
1987-06-01,119644.0,65.5,82.5,63059.0,154600.185609107,0.5822829577416727,0.1294591443339443
1987-07-01,119902.0,65.6,82.6,62983.0,154687.499801635,0.6022459291897088,0.12757707621330688
1987-08-01,120318.0,65.7,82.6,62684.0,154795.942387963,0.579838151079421,0.12614491375854858
1987-09-01,120011.0,65.5,82.6,63150.0,154927.735789452,0.6271980035776495,0.12444674183119583
1987-10-01,120509.0,65.7,82.7,62802.0,155012.619461608,0.5775882127302931,0.12462957381560341
1987-11-01,120540.0,65.7,82.6,62930.0,155187.996841427,0.6263799286166998,0.1232415894453633
1987-12-01,120729.0,65.7,82.7,62891.0,155279.933529254,0.6270107895750788,0.1209500324752615
1988-01-01,120969.0,65.8,82.6,62853.0,155413.325142539,0.5842462268530808,0.11980566989503498
1988-02-01,121156.0,65.9,82.7,62813.0,155554.051389497,0.5854020517025501,0.11939827440053487
1988-03-01,120913.0,65.7,82.8,63198.0,155615.757183095,0.5918068580217914,0.1185400955668286
1988-04-01,121251.0,65.8,82.8,62981.0,155673.194186285,0.6769898758087379,0.11634361458160668
1988-05-01,121071.0,65.7,82.8,63303.0,155815.425917539,0.5832220343135733,0.11531337446580309
1988-06-01,121473.0,65.8,82.6,63089.0,155986.310167902,0.6769056939832065,0.11498966424258951
1988-07-01,121665.0,65.9,82.8,63064.0,156085.972428301,0.5959777741575869,0.11293134726299577
1988-08-01,122125.0,66.1,83.0,62705.0,156149.165593753,0.5873628334595913,0.11573713509964377
1988-09-01,121960.0,65.9,82.9,63002.0,156274.026381349,0.6842724587491792,0.1151284209645973
1988-10-01,122206.0,66.0,83.0,62908.0,156356.59052748,0.6458290693038641,0.11302440757364525
1988-11-01,122637.0,66.2,83.3,62607.0,156451.539988457,0.6467379007648201,0.11223973555139209
1988-12-01,122622.0,66.1,83.2,62780.0,156549.57720412497,0.6116581369785764,0.1109891929652528
1989-01-01,123390.0,66.5,83.5,62254.0,156746.36981376196,0.6115714356399728,0.11279865140663538
1989-02-01,123135.0,66.3,83.4,62642.0,156882.61861286004,0.7472642883384253,0.11097503334525068
1989-03-01,123227.0,66.3,83.3,62670.0,156977.896006689,0.698350187961759,0.10698672718996985
1989-04-01,123565.0,66.4,83.3,62459.0,156912.584762542,0.6140098600012215,0.10804307750105469
1989-05-01,123474.0,66.3,83.2,62707.0,156986.091102136,0.6659989523424032,0.10879383200044533
1989-06-01,123995.0,66.5,83.2,62334.0,157080.026449858,0.6663716120955466,0.11075907505964008
1989-07-01,123967.0,66.5,83.3,62516.0,157145.164347487,0.6830117031281109,0.11063762262392066
1989-08-01,124166.0,66.5,83.3,62432.0,157269.112306111,0.6410997441270951,0.10984808310976137
1989-09-01,123944.0,66.4,83.6,62782.0,157506.027331487,0.6568014775210144,0.11088793055782789
1989-10-01,124211.0,66.5,83.5,62660.0,157551.584327377,0.6582547188849831,0.11200747922964963
1989-11-01,124637.0,66.6,83.8,62380.0,157676.524440628,0.6451473882656799,0.1129086925086316
1989-12-01,124497.0,66.5,83.7,62668.0,157819.220675952,0.6844122075582463,0.11289515704810238
1990-01-01,125833.0,66.8,83.8,62580.0,159330.694664848,0.6265670970122239,0.11290559321710039
1990-02-01,125710.0,66.7,83.8,62806.0,159507.196355399,0.6778617565581225,0.1116737966123867
1990-03-01,125801.0,66.7,83.6,62829.0,159569.288904233,0.6733475013726276,0.1105708956783624
1990-04-01,125649.0,66.6,83.5,63129.0,159632.913961298,0.6260354346618447,0.11184921949470968
1990-05-01,125893.0,66.6,83.5,63020.0,159656.024551627,0.6286270500578631,0.1124775838411773
1990-06-01,125573.0,66.4,83.4,63485.0,159777.955178866,0.6731758853617398,0.11079533467922932
1990-07-01,125732.0,66.5,83.4,63456.0,159814.761244615,0.576950295110397,0.11274643638878956
1990-08-01,125990.0,66.5,83.4,63352.0,159971.300787702,0.5819671676221047,0.11750132013134035
1990-09-01,125892.0,66.4,83.4,63636.0,160245.468686441,0.5643571160199093,0.12050302823083289
1990-10-01,125995.0,66.4,83.4,63715.0,160334.588632426,0.5832367708001417,0.12288421204806822
1990-11-01,126070.0,66.4,83.5,63802.0,160562.509255613,0.545703098888332,0.12614635749663805
1990-12-01,126142.0,66.4,83.4,63875.0,160712.322363462,0.5590685394548657,0.12950159737056238
1991-01-01,125955.0,66.2,83.2,64208.0,160506.644848471,0.5529616061111541,0.13137058378239855
1991-02-01,126020.0,66.2,83.5,64251.0,160611.654372144,0.5380166761319609,0.1347590663025487
1991-03-01,126238.0,66.3,83.4,64143.0,160830.683481614,0.49323572391486215,0.138946008322173
1991-04-01,126548.0,66.4,83.7,63969.0,160863.408276311,0.5329253201039077,0.13951678822632935
1991-05-01,126176.0,66.2,83.4,64474.0,161033.565339687,0.5006864187722397,0.1410991340792217
1991-06-01,126331.0,66.2,83.4,64469.0,161128.241673023,0.5065612249795332,0.142831571441725
1991-07-01,126154.0,66.1,83.3,64792.0,161180.786410641,0.5206915894097872,0.14145072000220657
1991-08-01,126150.0,66.0,83.4,64966.0,161394.546981186,0.49763556790782143,0.14158119967685795
1991-09-01,126650.0,66.2,83.4,64652.0,161643.785648488,0.5023227574162643,0.14272557963357338
1991-10-01,126642.0,66.1,83.4,64855.0,161729.399053248,0.4852068979801422,0.14351778039945468
1991-11-01,126701.0,66.1,83.4,64956.0,161891.053285895,0.4800516803223626,0.14510127090865213
1991-12-01,126664.0,66.0,83.2,65134.0,162029.245083297,0.44468582126144557,0.14787167441671414
1992-01-01,127261.0,66.3,83.5,64692.0,161717.058667886,0.44657932840549197,0.1504139009309278
1992-02-01,127207.0,66.2,83.4,64860.0,161881.253012778,0.4073520537040334,0.15141929366834103
1992-03-01,127604.0,66.4,83.5,64600.0,162081.883067043,0.4467102934938127,0.15313269325859954
1992-04-01,127841.0,66.5,83.7,64513.0,162321.440117313,0.43567369858338345,0.15204841963855506
1992-05-01,128119.0,66.6,83.8,64384.0,162459.640616251,0.39747797194436846,0.1543599241684249
1992-06-01,128459.0,66.7,83.9,64204.0,162380.375155231,0.4014706336004139,0.15908901590219882
1992-07-01,128563.0,66.7,83.8,64263.0,162479.869836105,0.4484058795162767,0.1591193785562352
1992-08-01,128613.0,66.6,83.8,64405.0,162848.622753429,0.43885917436315974,0.1570902908752193
1992-09-01,128501.0,66.5,83.6,64728.0,163133.878911506,0.43212783215928624,0.15650048478763787
1992-10-01,128026.0,66.2,83.5,65416.0,163258.235578593,0.4817066453438756,0.15328713988565992
1992-11-01,128441.0,66.3,83.5,65180.0,163366.70203872,0.40823548814323907,0.15234262435656543
1992-12-01,128554.0,66.3,83.4,65230.0,163500.300322099,0.4068251543501343,0.15272456512447682
1993-01-01,128400.0,66.2,83.3,65562.0,163308.79087077,0.46119042957593315,0.15088477134407868
1993-02-01,128458.0,66.2,83.1,65650.0,163483.359448252,0.48838057090196074,0.14863268624535794
1993-03-01,128598.0,66.2,83.2,65650.0,163623.306205432,0.46018592417294923,0.14600599045655988
1993-04-01,128584.0,66.1,83.2,65814.0,163888.601463716,0.4524900467530273,0.14557313759096713
1993-05-01,129264.0,66.4,83.4,65285.0,164035.494579425,0.4539315047179236,0.1463299337641713
1993-06-01,129411.0,66.5,83.6,65308.0,164027.497705373,0.43818388743884595,0.14526231890612662
1993-07-01,129397.0,66.4,83.5,65485.0,164174.306815763,0.48105005450610056,0.1435301561071268
1993-08-01,129619.0,66.4,83.5,65444.0,164417.961043743,0.46897392441139585,0.14054818904617308
1993-09-01,129268.0,66.2,83.4,65991.0,164624.178950405,0.45009584159670185,0.13859399624721655
1993-10-01,129573.0,66.3,83.5,65871.0,164814.311097104,0.47594273650314095,0.13942139584053526
1993-11-01,129711.0,66.3,83.6,65914.0,164891.741616878,0.47252108108448887,0.13707173158144675
1993-12-01,129941.0,66.4,83.6,65853.0,165054.37280473296,0.49039270803080065,0.1353032028988659
1994-01-01,130596.0,66.6,83.4,65357.0,165003.014533751,0.4424752193747007,0.13563883034680227
1994-02-01,130669.0,66.6,83.5,65421.0,165174.623081881,0.4207964025803953,0.13507996867197752
1994-03-01,130400.0,66.5,83.3,65813.0,165350.886916796,0.46299573587465037,0.13410166857620262
1994-04-01,130621.0,66.5,83.2,65742.0,165483.598713124,0.4869492319270133,0.1326070224573467
1994-05-01,130779.0,66.6,83.3,65731.0,165608.560032218,0.5109856813870759,0.12755585889139462
1994-06-01,130561.0,66.4,82.9,66132.0,165722.850426758,0.48068843064076633,0.12484238998386062
1994-07-01,130652.0,66.4,83.2,66207.0,165852.503931426,0.49253382816417307,0.12546528255914674
1994-08-01,131275.0,66.6,83.3,65768.0,165942.696231742,0.46425126551231377,0.12500377783115973
1994-09-01,131421.0,66.6,83.6,65827.0,166126.067776557,0.5032698880809013,0.12274270150726334
1994-10-01,131744.0,66.7,83.5,65686.0,166306.56905087,0.4430920570677993,0.11977426581584594
1994-11-01,131891.0,66.7,83.6,65716.0,166371.058286335,0.5295845087390069,0.1172233086755554
1994-12-01,131951.0,66.7,83.5,65814.0,166575.001772146,0.5185616847612451,0.11405630730501401
1995-01-01,132038.0,66.8,83.5,65715.0,166499.514366783,0.5116097023985084,0.11462293827517275
1995-02-01,132115.0,66.8,83.6,65770.0,166654.124551702,0.5276442330992696,0.1135831836910601
1995-03-01,132108.0,66.7,83.5,65899.0,166741.443744901,0.5081391932480789,0.1119175244709918
1995-04-01,132590.0,66.9,83.7,65558.0,166918.19715811004,0.4323865412740014,0.11582667484058827
1995-05-01,131851.0,66.5,83.5,66435.0,166943.515569599,0.5152609959716227,0.11694569136035483
1995-06-01,131949.0,66.5,83.3,66504.0,167042.949829853,0.5219686799895671,0.11647467170233747
1995-07-01,132343.0,66.6,83.4,66272.0,167163.272627341,0.47098970836822435,0.11679872611201972
1995-08-01,132336.0,66.6,83.3,66465.0,167313.80083767,0.5191414026484903,0.1171225294236186
1995-09-01,132611.0,66.6,83.5,66394.0,167457.259971968,0.5459765964215858,0.11715879915614894
1995-10-01,132716.0,66.6,83.4,66476.0,167602.897170181,0.5462823677659596,0.11531886039361985
1995-11-01,132614.0,66.5,83.5,66741.0,167661.949497816,0.5254886430760652,0.11518305836544972
1995-12-01,132511.0,66.4,83.4,66997.0,167868.323383297,0.5020661827032783,0.11550091257953073
1996-01-01,132616.0,66.4,83.5,67018.0,167859.550369432,0.5019513800191188,0.11626980954618099
1996-02-01,132952.0,66.6,83.5,66820.0,168068.492447747,0.5484350339765632,0.11525299746279476
1996-03-01,133180.0,66.6,83.5,66741.0,168264.628528734,0.4934739616396805,0.11341576485253317
1996-04-01,133409.0,66.7,83.6,66692.0,168546.116444254,0.45734832632632094,0.1138239921217703
1996-05-01,133667.0,66.7,83.7,66611.0,168679.864746763,0.5261138440761272,0.11502515441291337
1996-06-01,133697.0,66.7,83.6,66762.0,168832.172893829,0.5488095072457162,0.11172337510379805
1996-07-01,134284.0,66.9,83.9,66357.0,168906.946953847,0.47828589472947297,0.11159145287083429
1996-08-01,134054.0,66.7,84.0,66793.0,169070.489542707,0.5731041954031745,0.10880393208873419
1996-09-01,134515.0,66.9,83.9,66546.0,169243.246922083,0.4934677029891529,0.10670099730556083
1996-10-01,134921.0,67.0,84.1,66352.0,169382.658538085,0.48282657329211154,0.10727088845154888
1996-11-01,135007.0,67.0,84.1,66456.0,169535.410801919,0.5580525104195863,0.11015659408653179
1996-12-01,135113.0,67.0,84.1,66523.0,169736.034925939,0.5043284419825711,0.11072109341019891
1997-01-01,135456.0,67.0,84.0,66829.0,170271.411121638,0.5645431147972467,0.11044066473969509
1997-02-01,135400.0,66.9,83.9,66988.0,170447.333372688,0.5100575477585347,0.1084813736053698
1997-03-01,135891.0,67.1,84.0,66622.0,170698.336406194,0.5402121888933904,0.10752293709966586
1997-04-01,136016.0,67.1,84.0,66658.0,170769.018501704,0.5131855490576148,0.1050312375314288
1997-05-01,136119.0,67.1,83.8,66713.0,170978.363067801,0.5729776129760428,0.10267256742505541
1997-06-01,136211.0,67.1,84.1,66789.0,171110.664508242,0.5138856477244064,0.10227335868248882
1997-07-01,136477.0,67.2,84.3,66689.0,171226.731360499,0.5272862905279129,0.10167566194367436
1997-08-01,136618.0,67.2,84.5,66746.0,171343.545711111,0.5523731088723364,0.10049638158247126
1997-09-01,136675.0,67.1,84.3,66895.0,171472.628309906,0.5184718113586487,0.10027484027162736
1997-10-01,136633.0,67.1,84.2,67134.0,171626.696033817,0.6059004546644781,0.09934292001224951
1997-11-01,136961.0,67.2,84.0,66980.0,171824.100935682,0.5890300778428048,0.0966685061860567
1997-12-01,137155.0,67.2,84.1,66943.0,171964.676923236,0.5365716868342235,0.0968288969952814
1998-01-01,137095.0,67.1,84.0,67143.0,172111.813097887,0.6089888504932499,0.09722794933785558
1998-02-01,137112.0,67.1,84.1,67288.0,172281.931025941,0.6051731180220539,0.09604566813286138
1998-03-01,137236.0,67.1,84.2,67311.0,172393.95503416096,0.6313180830202203,0.09720728186651632
1998-04-01,137150.0,67.0,83.9,67581.0,172572.848699816,0.7445224334273758,0.09383202823437972
1998-05-01,137372.0,67.0,83.9,67527.0,172769.599629903,0.6370497569085317,0.09152218497732663
1998-06-01,137455.0,67.0,84.0,67630.0,172932.646752356,0.5724395170664404,0.09290706927674658
1998-07-01,137588.0,67.0,84.1,67682.0,173066.372080953,0.6007388244910502,0.09447183045767134
1998-08-01,137570.0,67.0,84.1,67910.0,173222.188030022,0.6333631137849475,0.09414121572510813
1998-09-01,138286.0,67.2,84.2,67413.0,173353.876591388,0.5933889931871893,0.09456241092627116
1998-10-01,138279.0,67.2,84.1,67640.0,173525.997220209,0.6853364937060986,0.09549013180899786
1998-11-01,138381.0,67.1,84.1,67723.0,173798.484559774,0.6316986195185899,0.09294130794634554
1998-12-01,138634.0,67.2,84.2,67635.0,173935.202120438,0.6494284021657991,0.0914631081404034
1999-01-01,139003.0,67.2,84.6,67715.0,174445.210262834,0.6129616550910689,0.09001250307506248
1999-02-01,138967.0,67.2,84.4,67906.0,174556.485620619,0.5973503235346751,0.09069270403505211
1999-03-01,138730.0,67.0,84.0,68306.0,174696.950459035,0.6907935460518361,0.08896175134993027
1999-04-01,138959.0,67.1,84.1,68277.0,174765.922932199,0.67484771850643,0.0896711434166062
1999-05-01,139107.0,67.1,84.1,68320.0,174989.222831602,0.6825769931771183,0.08850635440101559
1999-06-01,139329.0,67.1,84.1,68304.0,175221.734427175,0.6009474231700129,0.08814512671180914
1999-07-01,139439.0,67.1,83.9,68390.0,175384.431038152,0.6464637221789116,0.09000074321122262
1999-08-01,139430.0,67.0,84.0,68609.0,175540.37674365,0.6849155930626863,0.08875982215394157
1999-09-01,139622.0,67.0,84.0,68642.0,175622.470375108,0.6515772643640005,0.08830824970755229
1999-10-01,139771.0,67.0,84.1,68712.0,175892.956469003,0.682753370310841,0.08746952403220658
1999-11-01,140025.0,67.1,84.2,68641.0,176064.45065568204,0.6901057736395587,0.08615082751310159
1999-12-01,140177.0,67.1,84.0,68655.0,176249.887417035,0.7328326623032366,0.08548967647133902
2000-01-01,142267.0,67.3,84.4,69142.0,178290.430861602,0.6630372291756856,0.08493811943879809
2000-02-01,142456.0,67.3,84.4,69120.0,178339.187130189,0.6453920230769018,0.08526808506811841
2000-03-01,142434.0,67.3,84.3,69338.0,178399.585579043,0.7838588680575721,0.0860513138394962
2000-04-01,142751.0,67.3,84.4,69267.0,178580.410169212,0.7456070736183397,0.0824467595987823
2000-05-01,142388.0,67.1,84.1,69853.0,178727.961161338,0.6236946446199452,0.08266345456534592
2000-06-01,142591.0,67.1,84.1,69876.0,179056.724437363,0.7159476975264961,0.08405405943239387
2000-07-01,142278.0,66.9,83.9,70398.0,179329.246103936,0.6334869342081412,0.08357234214968025
2000-08-01,142514.0,66.9,83.8,70401.0,179398.847859173,0.6341923417012046,0.08528557648822285
2000-09-01,142518.0,66.9,83.7,70645.0,179569.240541366,0.7384426893204635,0.08437476539646831
2000-10-01,142622.0,66.8,83.6,70782.0,179756.31049224298,0.7021475627572444,0.08202029273354398
2000-11-01,142962.0,66.9,83.8,70579.0,179929.193001503,0.6545799849532307,0.08212261604946813
2000-12-01,143248.0,67.0,83.9,70488.0,180136.76844634797,0.6617942424065731,0.08244663656556021
2001-01-01,143800.0,67.2,84.1,70088.0,180413.014881274,0.5941326366490807,0.08540663868357878
2001-02-01,143701.0,67.1,84.1,70409.0,180572.890507159,0.7127977357404459,0.08887545126298989
2001-03-01,143924.0,67.2,84.1,70381.0,180629.722830952,0.645867513850419,0.08903662032437633
2001-04-01,143569.0,66.9,83.7,70956.0,180903.686630104,0.7157754866071849,0.09123482655926564
2001-05-01,143318.0,66.7,83.8,71414.0,181015.086201513,0.6557742783384864,0.09093566320585872
2001-06-01,143357.0,66.7,83.6,71592.0,181357.50008722,0.6063714025818895,0.09289790720430341
2001-07-01,143654.0,66.8,83.6,71526.0,181619.554721104,0.5672947952011304,0.09468319104308708
2001-08-01,143284.0,66.5,83.5,72136.0,181833.00247683,0.5549253016119384,0.09924957246378872
2001-09-01,143989.0,66.8,83.5,71676.0,182061.079044061,0.5602869872943936,0.10282468108779697
2001-10-01,144086.0,66.7,83.6,71817.0,182237.970336875,0.5139341560280406,0.10752180801509358
2001-11-01,144240.0,66.7,83.5,71876.0,182430.809729574,0.5135153134704672,0.11315600392299396
2001-12-01,144305.0,66.7,83.7,72010.0,182640.020743122,0.48705687200362213,0.11667300979599843
2002-01-01,143883.0,66.5,83.5,72623.0,182563.002965959,0.5355908958136281,0.11777757243619463
2002-02-01,144653.0,66.8,83.7,72010.0,182794.136861143,0.5060703871032011,0.11770355458548751
2002-03-01,144481.0,66.6,83.5,72343.0,183076.139011042,0.5121249052837821,0.11814686147895863
2002-04-01,144725.0,66.7,83.6,72281.0,183255.09551548396,0.43520203314904904,0.12055435061354867
2002-05-01,144938.0,66.7,83.6,72260.0,183508.370767146,0.4892930262482772,0.1206477415134666
2002-06-01,144808.0,66.6,83.2,72600.0,183670.357789046,0.4396972135259626,0.11884126097155495
2002-07-01,144803.0,66.5,83.1,72827.0,183891.076834702,0.4768373633775849,0.11930433351063564
2002-08-01,145009.0,66.6,83.2,72856.0,184163.853687785,0.5008831602382469,0.11876917202092309
2002-09-01,145552.0,66.7,83.3,72554.0,184425.63443400402,0.46773260688741797,0.11729616380617186
2002-10-01,145314.0,66.6,83.2,73026.0,184554.935825347,0.44915829728369133,0.11689032161961223
2002-11-01,145041.0,66.4,82.9,73508.0,184744.740552455,0.45411985349480427,0.11937433783051436
2002-12-01,145066.0,66.3,83.1,73675.0,184858.173953039,0.4343646206866545,0.12157294469684896
2003-01-01,145937.0,66.4,82.9,73960.0,185632.410299682,0.47401165064327444,0.12152025045761676
2003-02-01,146100.0,66.4,83.0,74015.0,185866.832081524,0.43038573965062793,0.12057497723064435
2003-03-01,146022.0,66.3,83.1,74295.0,186082.477804354,0.45386169691886,0.12093439299284207
2003-04-01,146474.0,66.4,83.2,74066.0,186468.257671824,0.3979364632524188,0.12250035620233687
2003-05-01,146500.0,66.4,83.1,74268.0,186649.36655629,0.44428870491787475,0.12500423769500205
2003-06-01,147056.0,66.5,83.3,73958.0,186800.650688935,0.38917559609479646,0.1276911424834092
2003-07-01,146485.0,66.2,83.0,74767.0,187069.404317078,0.4314306544288228,0.12701514294789853
2003-08-01,146445.0,66.1,83.0,75062.0,187307.738321363,0.4380224643346982,0.12523851224721547
2003-09-01,146530.0,66.1,82.8,75249.0,187541.366651398,0.40278210984964574,0.12451441190754366
2003-10-01,146716.0,66.1,82.9,75324.0,187738.843236488,0.43903429520002935,0.12326870626266982
2003-11-01,147000.0,66.1,82.8,75280.0,187972.220193786,0.4345604355444573,0.12068961376717798
2003-12-01,146729.0,65.9,82.8,75780.0,188133.927255885,0.4428386477403659,0.1174151243651189
2004-01-01,146842.0,66.1,82.8,75319.0,187687.228615023,0.42885176248306534,0.11663126059489894
2004-02-01,146709.0,66.0,82.7,75648.0,187874.979207603,0.41999670548634976,0.1149205130752848
2004-03-01,146944.0,66.0,82.8,75606.0,188056.180006775,0.37906869138619737,0.11640504254160522
2004-04-01,146850.0,65.9,82.7,75907.0,188319.105036259,0.5074160619419927,0.11635475266828835
2004-05-01,147065.0,66.0,82.8,75903.0,188476.04963860597,0.4486038907979158,0.11456954147454405
2004-06-01,147460.0,66.1,82.9,75735.0,188688.80395523,0.4301274301197942,0.11508407332115525
2004-07-01,147692.0,66.1,83.0,75730.0,188841.892471987,0.49835244694208597,0.11451829898879048
2004-08-01,147564.0,66.0,82.7,76113.0,189072.110370638,0.47414197390438373,0.11200530780985085
2004-09-01,147415.0,65.8,82.7,76526.0,189218.524258014,0.49034427358755917,0.11096739866120287
2004-10-01,147793.0,65.9,82.6,76399.0,189445.840609602,0.4497385547548852,0.11154328335144609
2004-11-01,148162.0,66.0,82.7,76259.0,189653.257447606,0.4715778735488694,0.11100132507870604
2004-12-01,148059.0,65.9,82.6,76581.0,189808.849652093,0.48387651973657886,0.11022078992227084
2005-01-01,148029.0,65.8,82.7,76808.0,189990.139246991,0.4848856876898775,0.10896120642690843
2005-02-01,148364.0,65.9,82.8,76677.0,190144.010501082,0.4514512037578217,0.10964345733519298
2005-03-01,148391.0,65.9,82.6,76846.0,190463.057271323,0.46636114833419084,0.10836477235320666
2005-04-01,148926.0,66.1,82.7,76514.0,190463.65946744,0.4952226825660243,0.10682641530274002
2005-05-01,149261.0,66.1,82.9,76409.0,190709.936059732,0.5068363720962183,0.10604751677914936
2005-06-01,149238.0,66.1,82.6,76673.0,190962.059622628,0.5089757260709619,0.10457605324610075
2005-07-01,149432.0,66.1,82.8,76721.0,191115.801379715,0.49613693889735994,0.10277743780069856
2005-08-01,149779.0,66.2,82.9,76642.0,191265.341598423,0.4942210644456094,0.10149435545157479
2005-09-01,149954.0,66.1,82.9,76739.0,191438.712385824,0.4869025933415793,0.10274128451276092
2005-10-01,150001.0,66.1,82.7,76958.0,191656.216574618,0.5263253280974284,0.10314344258707366
2005-11-01,150065.0,66.0,82.7,77138.0,191931.288506639,0.5133109315104066,0.10351297725592234
2005-12-01,150030.0,66.0,82.7,77394.0,192144.342660178,0.5347684514302274,0.10163163921661938
2006-01-01,150214.0,66.0,82.8,77339.0,192350.791232321,0.530036311991261,0.09827525235655209
2006-02-01,150641.0,66.1,82.9,77122.0,192542.86740317,0.4849965506902347,0.09775331478756465
2006-03-01,150813.0,66.2,83.0,77161.0,192689.660445443,0.5494470362091702,0.09767472264011973
2006-04-01,150881.0,66.1,82.8,77318.0,192816.847792503,0.5238006507236153,0.09720710704830547
2006-05-01,151069.0,66.1,82.8,77359.0,192912.276616224,0.5324768688159088,0.09621746215202533
2006-06-01,151354.0,66.2,82.8,77317.0,193146.93100045,0.550399790016383,0.09579017891112959
2006-07-01,151377.0,66.1,83.0,77535.0,193315.649713063,0.5152873072783412,0.0969203481194391
2006-08-01,151716.0,66.2,82.9,77451.0,193454.975245929,0.5289446516896884,0.09712617973446351
2006-09-01,151662.0,66.1,82.9,77757.0,193557.579350856,0.5779969186330364,0.09476724758437739
2006-10-01,152041.0,66.2,82.9,77634.0,193703.27002202,0.5758933081400396,0.09254517359857481
2006-11-01,152406.0,66.3,83.0,77499.0,193948.314866842,0.4927305817315701,0.0922582018657133
2006-12-01,152732.0,66.4,83.1,77376.0,194180.7510275,0.5648389509166408,0.09241869071483273
2007-01-01,153144.0,66.4,83.4,77506.0,194949.45309418,0.4529595282656366,0.09375066486382205
2007-02-01,152983.0,66.3,83.2,77851.0,195127.374521329,0.5524325430850642,0.09447462354199697
2007-03-01,153051.0,66.2,83.2,77982.0,195234.556704232,0.5019388055934741,0.0915025906074308
2007-04-01,152435.0,65.9,83.0,78818.0,195286.842505563,0.484001003295134,0.09139360850606451
2007-05-01,152670.0,66.0,83.0,78810.0,195378.536511619,0.5241500101778462,0.091961390839577
2007-06-01,153041.0,66.0,82.9,78671.0,195626.098222253,0.4832988326115977,0.0929100396045901
2007-07-01,153054.0,66.0,82.9,78904.0,195762.813882772,0.46202863642917624,0.094999216764666
2007-08-01,152749.0,65.8,82.9,79461.0,195850.313931475,0.5338899641660652,0.09576218136561954
2007-09-01,153414.0,66.0,82.8,79047.0,195982.703916043,0.4835834622272415,0.09599516644093294
2007-10-01,153183.0,65.8,82.7,79532.0,196079.112837976,0.4798144998099948,0.09662120968795046
2007-11-01,153835.0,66.0,82.9,79105.0,196221.632412572,0.5135237470950282,0.09743548668911689
2007-12-01,153918.0,66.0,83.1,79238.0,196456.402348992,0.44163633203730196,0.09982479111155973
2008-01-01,154063.0,66.2,83.3,78554.0,196084.140306833,0.4498086655814812,0.10218642278153983
2008-02-01,153653.0,66.0,83.2,79156.0,196235.573278433,0.5178552619502159,0.10129444630828506
2008-03-01,153908.0,66.1,83.3,79087.0,196405.139704837,0.46339353798695104,0.10294828964373212
2008-04-01,153769.0,65.9,83.1,79429.0,196180.849110918,0.4687872892565545,0.10281965612581206
2008-05-01,154303.0,66.1,83.1,79102.0,196464.21516627,0.46664147304569564,0.10853659121556958
2008-06-01,154313.0,66.1,83.1,79314.0,196571.554572731,0.41443313420722444,0.1128220381501515
2008-07-01,154469.0,66.1,83.1,79395.0,196673.051206263,0.3914069542390689,0.11650865563268313
2008-08-01,154641.0,66.1,83.2,79466.0,196812.905373459,0.422664882062065,0.12277508056723162
2008-09-01,154570.0,66.0,83.1,79790.0,196983.858904257,0.39452705450457215,0.125263706075157
2008-10-01,154876.0,66.0,83.0,79736.0,197148.586717642,0.3655620104705704,0.1301077132498537
2008-11-01,154639.0,65.9,83.0,80189.0,197285.80859317,0.382866523941593,0.13684783609062526
2008-12-01,154655.0,65.8,82.8,80380.0,197451.244324743,0.3130534121937988,0.14469143150636782
2009-01-01,154210.0,65.7,82.8,80529.0,196955.91945262,0.32167528903728226,0.15497916457966793
2009-02-01,154538.0,65.8,82.8,80374.0,197132.462589804,0.2811243105440621,0.1657322728545013
2009-03-01,154133.0,65.6,82.6,80953.0,197298.11702241,0.2937998849796808,0.17423779004931528
2009-04-01,154509.0,65.7,82.8,80762.0,197758.926517592,0.27665024314873693,0.18069114764915986
2009-05-01,154747.0,65.7,82.9,80705.0,197889.768624218,0.23713691029610587,0.18712858277626046
2009-06-01,154716.0,65.7,82.9,80938.0,197601.063126782,0.25090660154841754,0.19210833103326047
2009-07-01,154502.0,65.5,82.8,81367.0,197764.728353327,0.276857167544408,0.1927384743837671
2009-08-01,154307.0,65.4,82.8,81780.0,198115.861193714,0.23181054737457776,0.19354091202208643
2009-09-01,153827.0,65.1,82.5,82495.0,198363.343688467,0.22038813670133334,0.19632254941664176
2009-10-01,153784.0,65.0,82.5,82766.0,198620.9276413,0.2399828542278924,0.2010516983851466
2009-11-01,153878.0,65.0,82.4,82865.0,198617.327219977,0.23627327318402078,0.20177099842418206
2009-12-01,153111.0,64.6,82.0,83813.0,198625.48827315,0.24339621086700997,0.20006359811071878
2010-01-01,153484.0,64.8,82.4,83349.0,198064.818072552,0.24367849729300084,0.20002079422621402
2010-02-01,153694.0,64.9,82.3,83304.0,198332.088284703,0.22409941143245374,0.1995182268006023
2010-03-01,153954.0,64.9,82.4,83206.0,198651.03639692997,0.21772419917701352,0.20022650037053089
2010-04-01,154622.0,65.2,82.6,82707.0,199106.314724341,0.2095944590277046,0.20123166862013758
2010-05-01,154091.0,64.9,82.3,83409.0,199223.039569854,0.2614961259112855,0.19785926226577463
2010-06-01,153616.0,64.6,82.2,84075.0,198996.509645356,0.25361352010770877,0.19290461083369576
2010-07-01,153691.0,64.6,81.9,84199.0,199104.224150646,0.23651498933561724,0.19161769040631116
2010-08-01,154086.0,64.7,82.0,84014.0,199358.680796215,0.21454125550926828,0.19252415075759458
2010-09-01,153975.0,64.6,82.0,84347.0,199591.321315217,0.24386293540477139,0.19258348976907438
2010-10-01,153635.0,64.4,81.8,84895.0,199862.399382022,0.22896504530955802,0.1916508713069741
2010-11-01,154125.0,64.6,82.0,84590.0,199935.652632098,0.20058037775040388,0.19589081775423375
2010-12-01,153650.0,64.3,81.9,85240.0,199964.297906331,0.28107749134362314,0.19338277246131974
2011-01-01,153263.0,64.2,81.7,85441.0,199072.070520444,0.2604202395020257,0.18716515258559785
2011-02-01,153214.0,64.1,81.6,85637.0,199333.483330151,0.2326710607004949,0.18395987683810117
2011-03-01,153376.0,64.2,81.7,85623.0,199526.101872718,0.23291435776186423,0.18232399913507186
2011-04-01,153543.0,64.2,81.7,85603.0,199942.704846187,0.2321286169489749,0.18345211143695944
2011-05-01,153479.0,64.1,81.7,85834.0,200044.925743191,0.2453668893591511,0.18376360584472737
2011-06-01,153346.0,64.0,81.7,86144.0,199914.916563284,0.2550715418441461,0.18430259773693658
2011-07-01,153288.0,64.0,81.4,86383.0,200020.225476654,0.2505350648034209,0.18334624371254096
2011-08-01,153760.0,64.1,81.6,86111.0,200118.442322714,0.23294585127315082,0.18258538572938704
2011-09-01,154131.0,64.2,81.5,85940.0,200261.369436167,0.23550433309702914,0.1833900876241123
2011-10-01,153961.0,64.1,81.3,86308.0,200456.165326819,0.2689127597961811,0.18118183584447356
2011-11-01,154128.0,64.1,81.5,86312.0,200415.538220572,0.2591679656893691,0.1770412281133207
2011-12-01,153995.0,64.0,81.6,86589.0,200421.413933752,0.27071659450033825,0.17376259539237435
2012-01-01,154381.0,63.7,81.5,87888.0,201014.074333417,0.26196107683622394,0.1703167779959844
2012-02-01,154671.0,63.8,81.5,87765.0,201113.771169133,0.25244256078297794,0.16835067924629704
2012-03-01,154749.0,63.8,81.5,87855.0,201204.492488286,0.2748148227893454,0.1675739611581906
2012-04-01,154545.0,63.7,81.4,88239.0,201466.606939026,0.2643736759893926,0.1663037430273577
2012-05-01,154866.0,63.7,81.4,88100.0,201507.493251601,0.249362019031738,0.16611272161906218
2012-06-01,155083.0,63.8,81.5,88073.0,201440.332726775,0.26938808394715313,0.16632958562953168
2012-07-01,154948.0,63.7,81.4,88405.0,201433.575947291,0.2659841079190078,0.1659309064265829
2012-08-01,154763.0,63.5,81.4,88803.0,201501.603658836,0.29650724639239423,0.16475376810784292
2012-09-01,155160.0,63.6,81.5,88613.0,201624.141398751,0.2909000315319373,0.16103723893362196
2012-10-01,155554.0,63.8,81.6,88429.0,201718.817037602,0.2724729652686891,0.1586440298412195
2012-11-01,155338.0,63.6,81.2,88836.0,201770.302565158,0.28438826183221944,0.15746301773053678
2012-12-01,155628.0,63.7,81.4,88722.0,201893.08762357,0.2589282750372173,0.15911854316818028
2013-01-01,155763.0,63.7,81.1,88900.0,201740.79605049704,0.2673449349661948,0.16182914295685344
2013-02-01,155312.0,63.4,81.0,89516.0,201885.593822458,0.3299997635019352,0.15907790284445905
2013-03-01,155005.0,63.3,81.0,89990.0,202102.198474206,0.285642313171722,0.15428046786002533
2013-04-01,155394.0,63.4,81.0,89780.0,202102.809997684,0.2587272897416713,0.15350971455691095
2013-05-01,155536.0,63.4,81.2,89827.0,202294.732377404,0.2999336886878711,0.15308868617440347
2013-06-01,155749.0,63.4,81.2,89803.0,202334.222920986,0.28055689624211344,0.15296423407094056
2013-07-01,155599.0,63.3,81.2,90156.0,202340.980102768,0.3130253377679474,0.15024859192053722
2013-08-01,155605.0,63.3,81.0,90355.0,202432.176291267,0.2812040559241229,0.1474768500723799
2013-09-01,155687.0,63.2,81.0,90481.0,202611.075233776,0.2940444392653513,0.14724304930137302
2013-10-01,154673.0,62.8,80.6,91708.0,202633.504619244,0.33887263079149693,0.14652271066675038
2013-11-01,155265.0,63.0,81.0,91302.0,202702.396197487,0.31374925241145935,0.143684584459758
2013-12-01,155182.0,62.9,80.8,91563.0,202729.43506532098,0.31869479104163567,0.1382860917745075
2014-01-01,155352.0,62.9,80.9,91563.0,202494.309745914,0.32973030869528036,0.13486355057781121
2014-02-01,155483.0,62.9,81.1,91603.0,202566.390050806,0.27677658381988673,0.13433917277633559
2014-03-01,156028.0,63.1,81.1,91230.0,202699.449619048,0.29518916375839344,0.13541666212065329
2014-04-01,155369.0,62.8,80.8,92070.0,202790.038310548,0.3888979029617098,0.13045939226375328
2014-05-01,155684.0,62.9,80.7,91938.0,202919.100934233,0.3243668709315749,0.12827121692167848
2014-06-01,155707.0,62.8,81.0,92107.0,203092.426982883,0.3712709732121479,0.1260004991039084
2014-07-01,156007.0,62.9,80.8,92016.0,203114.661493428,0.3379892429304413,0.12485919641286505
2014-08-01,156130.0,62.9,81.1,92099.0,203210.946590814,0.3579544584929549,0.12549092543880924
2014-09-01,156040.0,62.8,80.8,92406.0,203258.347750127,0.36546436957201944,0.12266555721966887
2014-10-01,156417.0,62.9,80.9,92240.0,203280.577675532,0.39388269233193507,0.11907658182987027
2014-11-01,156494.0,62.9,80.9,92350.0,203371.634157016,0.34473318327444885,0.11778962620003618
2014-12-01,156332.0,62.8,80.9,92695.0,203427.269919269,0.3972481350058836,0.11565952698154466
2015-01-01,157030.0,62.9,81.0,92694.0,203884.066941861,0.33226177156626374,0.11470212778982004
2015-02-01,156644.0,62.7,80.9,93256.0,203941.53411511,0.39798611133104006,0.1132911195445372
2015-03-01,156643.0,62.6,80.8,93437.0,204007.528774159,0.389212277582533,0.11139204010437857
2015-04-01,157060.0,62.8,81.0,93205.0,204005.695778464,0.42579964431198064,0.11161146107889881
2015-05-01,157651.0,62.9,81.1,92804.0,204229.717080171,0.33503934557144377,0.11293367254512643
2015-06-01,157062.0,62.7,80.9,93601.0,204417.284851682,0.4368968994322933,0.1100160292669841
2015-07-01,156997.0,62.6,80.7,93880.0,204505.142756508,0.43544815456646635,0.10691770942245475
2015-08-01,157172.0,62.6,80.7,93924.0,204558.593687291,0.35758494172653515,0.10449287034885174
2015-09-01,156733.0,62.4,80.6,94592.0,204535.077297752,0.40948971249110816,0.10322437610641408
2015-10-01,157167.0,62.5,80.8,94374.0,204577.475712678,0.39762943984442317,0.10311893645076478
2015-11-01,157463.0,62.5,80.9,94284.0,204605.695120731,0.3869925004382187,0.10345049592311248
2015-12-01,158035.0,62.7,80.9,93901.0,204720.870600447,0.41777177544290045,0.10314078978441585
2016-01-01,158280.0,62.7,81.1,94117.0,205111.812522652,0.4105876024456803,0.0999683561825841
2016-02-01,158640.0,62.8,81.1,93937.0,205165.480572042,0.3747053688897788,0.09876201060777497
2016-03-01,159179.0,63.0,81.3,93589.0,205298.551405113,0.3737543470881097,0.10096778966946951
2016-04-01,159141.0,62.9,81.2,93828.0,205226.789529308,0.42328402407040755,0.10318198873145079
2016-05-01,158784.0,62.7,81.2,94390.0,205442.589967844,0.44653505700608453,0.10051182564581532
2016-06-01,158967.0,62.7,81.3,94430.0,205612.312634525,0.4040808079380366,0.09914530294993368
2016-07-01,159194.0,62.8,81.3,94426.0,205721.60707872297,0.3948616582049912,0.0985770147064521
2016-08-01,159562.0,62.9,81.4,94292.0,205721.811917712,0.3714032499523228,0.0988848820603307
2016-09-01,159714.0,62.9,81.5,94377.0,205755.896193252,0.42420329698123643,0.10116257246467897
2016-10-01,159605.0,62.8,81.5,94716.0,205821.148204099,0.43774204852082954,0.10083638493823148
2016-11-01,159506.0,62.7,81.4,95034.0,205809.728499127,0.4645442278625897,0.09833599018450785
2016-12-01,159678.0,62.7,81.3,95064.0,205950.794414345,0.4262813563190503,0.09659520651852097
2017-01-01,159620.0,62.8,81.5,94462.0,205345.499752687,0.44874991214030036,0.09609045561378374
2017-02-01,159859.0,62.9,81.6,94386.0,205354.643149464,0.4809037414751723,0.09541436034527459
2017-03-01,160137.0,62.9,81.6,94277.0,205266.740985858,0.49160953481185576,0.09240073966283917
2017-04-01,160345.0,63.0,81.7,94243.0,205381.52225913,0.4449889917711597,0.0905672850014786
2017-05-01,160068.0,62.8,81.7,94699.0,205502.413108355,0.41687142857347653,0.08959647180025587
2017-06-01,160192.0,62.8,81.6,94766.0,205688.193571025,0.48267789521536514,0.08878863689262509
2017-07-01,160462.0,62.9,81.8,94689.0,205737.757588814,0.39948130088295625,0.08764954601631583
2017-08-01,160586.0,62.9,81.6,94771.0,205722.870269611,0.4046963960979842,0.08914110444599929
2017-09-01,161140.0,63.1,81.9,94423.0,205702.197084416,0.4794807594524388,0.08870100302105409
2017-10-01,160309.0,62.7,81.6,95457.0,205669.647205682,0.4520393167159096,0.08587462900840113
2017-11-01,160579.0,62.7,81.7,95370.0,205658.256539608,0.450915333699187,0.08618503866323618
2017-12-01,160535.0,62.7,81.8,95574.0,205805.522992917,0.4848640165694706,0.08548416141062684
2018-01-01,160914.0,62.7,81.7,95866.0,206344.014890874,0.49230104265343094,0.08372395120035292
2018-02-01,161778.0,63.0,82.1,95156.0,206314.970782015,0.5181208807131361,0.08383350998579286
2018-03-01,161686.0,62.9,82.0,95411.0,206373.415717062,0.5133359898479448,0.08285969666034652
2018-04-01,161771.0,62.9,82.0,95501.0,206260.544293263,0.45581551230507195,0.08187197369290385
2018-05-01,161848.0,62.9,81.9,95606.0,206526.767696911,0.47935516124473176,0.07980099582419127
2018-06-01,162210.0,63.0,82.1,95433.0,206661.326188339,0.4499099013975733,0.080349524748469
2018-07-01,162341.0,63.0,82.1,95502.0,206654.598269364,0.46979890380974637,0.0794589182047572
2018-08-01,161660.0,62.6,81.9,96406.0,206662.075134488,0.5178721843290099,0.07824876052194622
2018-09-01,162087.0,62.8,81.9,96202.0,206651.827999138,0.4846391223798834,0.07748361183672572
2018-10-01,162602.0,62.9,82.3,95913.0,206618.938240925,0.43001056373478747,0.07762307465675353
2018-11-01,162836.0,62.9,82.2,95871.0,206645.687445711,0.5098600620559562,0.07780035831968389
2018-12-01,163206.0,63.0,82.3,95682.0,206768.41582044,0.418195013856737,0.07878105027955482
2019-01-01,162968.0,63.1,82.5,95272.0,206192.892739145,0.4921407370308822,0.0808264547916877
2019-02-01,163023.0,63.1,82.5,95369.0,206164.714115117,0.5691815056984803,0.07906805625838348
2019-03-01,162937.0,63.0,82.5,95600.0,206096.062769982,0.47822045122907303,0.07747643533981118
2019-04-01,162594.0,62.9,82.3,96099.0,206159.876795169,0.4932944425448837,0.07573758909458903
2019-05-01,162756.0,62.9,82.2,96106.0,206454.973267458,0.4967426584604313,0.07492034505674183
2019-06-01,163073.0,63.0,82.2,95964.0,206565.926404022,0.44275333523019306,0.07437288468478818
2019-07-01,163533.0,63.1,82.1,95692.0,206403.467552527,0.4692795726023496,0.07503837993283526
2019-08-01,163763.0,63.1,82.5,95669.0,206406.542638664,0.5468070263502814,0.07561270361678445
2019-09-01,164077.0,63.2,82.7,95561.0,206338.553106267,0.47038490907964825,0.07320380735943832
2019-10-01,164432.0,63.3,82.8,95413.0,206242.572547667,0.4142306865123035,0.07318336422848569
2019-11-01,164553.0,63.3,82.8,95467.0,206321.60004856501,0.49211639305681987,0.07401404066718374
2019-12-01,164704.0,63.3,82.9,95477.0,206395.964844786,0.5076726455332002,0.07352561202738477
2020-01-01,164348.0,63.3,83.1,95154.0,205735.188573771,0.49270571998091256,0.072643263735094
2020-02-01,164458.0,63.3,83.0,95171.0,205614.396447444,0.5350366443229646,0.07200711879627265
2020-03-01,162635.0,62.6,82.5,97123.0,205425.284197194,0.5122866297822345,0.08336800996839619
2020-04-01,156308.0,60.1,79.9,103588.0,206838.892482914,-0.02892071949625481,0.19439651730920804
2020-05-01,158067.0,60.8,80.6,101979.0,206826.073331697,0.32439106193145967,0.28598700745323546
2020-06-01,159900.0,61.5,81.5,100304.0,205498.734682701,0.37317070230274874,0.2452069252302288
2020-07-01,160102.0,61.5,81.2,100270.0,205354.051227635,0.3145335426748831,0.21509448087633642
2020-08-01,160722.0,61.7,81.3,99836.0,205778.750464769,0.400375167907739,0.18659583800054722
2020-09-01,160224.0,61.4,80.9,100518.0,206140.923826228,0.32236177174177694,0.16431585253967043
2020-10-01,160944.0,61.7,81.2,99981.0,206082.486426409,0.41123615355740034,0.14905859006920547
2020-11-01,160687.0,61.5,80.9,100398.0,206167.702538922,0.32302117941129466,0.13768199438672954
2020-12-01,160757.0,61.5,81.0,100473.0,206074.483986553,0.349201611315675,0.13682600054720281
2021-01-01,160025.0,61.3,81.1,100826.0,204939.267030838,0.3404635168071899,0.1317939881163267
2021-02-01,160187.0,61.4,81.2,100732.0,204932.409322157,0.2964318768922435,0.12748629520526447
2021-03-01,160463.0,61.5,81.3,100540.0,204973.632924318,0.3106924035496464,0.12451142422997166
2021-04-01,160908.0,61.6,81.4,100195.0,205331.00017441,0.3101315273495477,0.12312936468377764
2021-05-01,160740.0,61.5,81.3,100470.0,205619.599313615,0.3247226982138652,0.1193134887732966
2021-06-01,161192.0,61.7,81.7,100146.0,205372.103702214,0.23716326680531521,0.1182450813879217
2021-07-01,161486.0,61.8,81.9,99984.0,205330.916171553,0.4222116191755436,0.11434280236898754
2021-08-01,161535.0,61.7,81.7,100076.0,205348.569963317,0.37262340095756435,0.10689427526484867
2021-09-01,161544.0,61.7,81.6,100222.0,205482.016512408,0.46798740274541917,0.10057142904131014
2021-10-01,161740.0,61.8,81.7,100167.0,205387.639724139,0.4163684134131039,0.09447872838172179
2021-11-01,162315.0,61.9,81.9,99714.0,205363.733774968,0.4687246653041684,0.08860701647547004
2021-12-01,162410.0,62.0,81.9,99726.0,205319.341283488,0.49301564892411137,0.08217811143699527
2022-01-01,163633.0,62.2,82.1,99570.0,207108.265671639,0.49961779721648925,0.08159799524972157
2022-02-01,163862.0,62.2,82.3,99463.0,207126.176999968,0.5084734034136895,0.07993122253560483
2022-03-01,164301.0,62.4,82.5,99144.0,206934.139562524,0.6010017900643807,0.0769410051597942
2022-04-01,163950.0,62.2,82.5,99609.0,207052.527513645,0.5338047576668646,0.07489417437497005
2022-05-01,164278.0,62.3,82.6,99400.0,207286.297660082,0.47220444067647,0.07469540983888222
2022-06-01,164002.0,62.2,82.4,99833.0,207405.042315819,0.5469558395126776,0.07484363225036136
2022-07-01,163990.0,62.1,82.4,100021.0,207414.304722683,0.5519163208633183,0.07298177991812686
2022-08-01,164714.0,62.3,82.8,99469.0,207380.761205208,0.47068941873524817,0.07384684555189956
2022-09-01,164619.0,62.3,82.6,99736.0,207468.883925833,0.5725961989522472,0.07356589873135676
2022-10-01,164646.0,62.2,82.5,99890.0,207461.267580266,0.46716537321280976,0.07403004845652951
2022-11-01,164527.0,62.2,82.3,100181.0,207523.195816157,0.5388029908642599,0.0753936711472434
2022-12-01,164966.0,62.3,82.4,99878.0,207527.686727976,0.608285334379465,0.07340866953668082
2023-01-01,165832.0,62.4,82.7,100130.0,208151.988424405,0.47641350300824997,0.07087443967068015
2023-02-01,166251.0,62.5,83.1,99861.0,,0.5103281477150551,0.07253079231419694
2023-03-01,166731.0,62.6,83.1,99541.0,,0.5751245809088843,0.07310042709343222
